-1	1:-0.95703	2:0.95199	3:-0.51562	4:-0.9082	5:-0.08148	6:-0.21667	7:0.18316	8:-0.12109	9:-0.39722	10:-0.55	11:-0.97626	12:-0.27576	13:-0.24848	14:-0.10606	15:-0.11212	16:-0.03333	17:-0.9898	18:-0.96444	19:-0.94	20:0.13751	21:-0.72997	22:-1.0	23:-0.2	24:-1.0	25:-1.0	26:-0.18
1	1:-0.92578	2:1.0	3:-1.0	4:-0.02344	5:-1.0	6:0.09825	7:-1.0	8:0.22753	9:-1.0	10:0.04605	11:1.0	12:0.11404	13:0.00526	14:0.09825	15:0.20702	16:0.07193	17:-0.98331	18:-1.0	19:-0.90737	20:-1.0	21:0.07035	22:-0.8	23:-1.0	24:-1.0	25:-1.0	26:-0.87
1	1:-0.81641	2:1.0	3:-0.02344	4:-0.02344	5:-0.144	6:-0.0197	7:0.72656	8:0.78817	9:0.167	10:0.275	11:1.0	12:-0.0766	13:-0.14681	14:-0.08582	15:-0.03333	16:-0.0539	17:-0.99521	18:-0.9504	19:-0.92364	20:-0.04158	21:-0.502	22:-1.0	23:-1.0	24:-1.0	25:-1.0	26:-0.56
-1	1:-0.99219	2:-0.59665	3:-0.87891	4:-1.0	5:0.03333	6:-1.0	7:1.0	8:-1.0	9:0.5	10:-1.0	11:-0.94618	12:0.2	13:0.2	14:0.03333	15:0.3	16:0.06667	17:-0.98	18:-1.0	19:-1.0	20:-0.08911	21:-1.0	22:-0.8	23:-1.0	24:-1.0	25:-1.0	26:-0.69
1	1:-0.44922	2:1.0	3:-0.02344	4:-0.02344	5:0.10817	6:0.12222	7:0.681	8:-0.08052	9:0.26348	10:-0.31154	11:-0.42558	12:0.31489	13:0.25579	14:0.11206	15:0.23333	16:-0.00922	17:-0.99443	18:-0.97412	19:-0.91282	20:0.02699	21:-0.74117	22:-0.4	23:-1.0	24:-1.0	25:-1.0	26:-0.81
1	1:-0.94922	2:1.0	3:-1.0	4:-0.02734	5:-1.0	6:0.27692	7:-1.0	8:0.38624	9:-1.0	10:0.18269	11:1.0	12:0.09487	13:0.08974	14:0.27692	15:0.09231	16:0.11538	17:-0.9875	18:-1.0	19:-0.91692	20:-1.0	21:-0.29931	22:-1.0	23:-0.8	24:-1.0	25:-1.0	26:-0.76
1	1:-0.39062	2:1.0	3:-0.02344	4:-0.02344	5:0.13778	6:0.10576	7:0.77013	8:0.40024	9:0.17967	10:0.27037	11:1.0	12:0.05534	13:0.23632	14:0.12115	15:0.16111	16:0.0188	17:-0.99902	18:-0.96053	19:-0.93926	20:0.01967	21:-0.53148	22:-1.0	23:-1.0	24:-0.8	25:-1.0	26:-0.94
-1	1:-0.98828	2:0.96244	3:-0.93359	4:-0.91602	5:-0.43333	6:0.43333	7:-0.9209	8:-1.0	9:0.5	10:0.5	11:-0.81322	12:-0.03333	13:-0.03333	14:-0.14444	15:-0.08889	16:-0.22222	17:-0.99	18:-0.96	19:-0.96	20:-0.49505	21:-0.41254	22:-0.8	23:-1.0	24:-1.0	25:-1.0	26:-0.79
1	1:-0.92578	2:1.0	3:-1.0	4:-0.02344	5:-1.0	6:-0.06842	7:-1.0	8:0.2235	9:-1.0	10:0.01053	11:1.0	12:-0.02807	13:-0.09123	14:-0.06842	15:-0.16316	16:-0.06491	17:-0.96222	18:-1.0	19:-0.91158	20:-1.0	21:-0.32465	22:-1.0	23:-0.8	24:-0.8	25:-1.0	26:-0.81
-1	1:-0.98047	2:-0.9379	3:-0.60742	4:-1.0	5:0.34	6:-1.0	7:0.99473	8:-1.0	9:-0.12	10:-1.0	11:-0.98969	12:0.08667	13:0.16	14:0.34	15:0.08667	16:0.16667	17:-0.96222	18:-0.92	19:-1.0	20:0.27921	21:-1.0	22:-1.0	23:-1.0	24:-1.0	25:-1.0	26:-0.48
-1	1:-0.78906	2:-0.5617	3:-0.02344	4:-0.63867	5:0.06879	6:-0.11905	7:0.59934	8:0.14063	9:0.12128	10:-0.275	11:-1.0	12:0.06296	13:-0.06173	14:0.04444	15:-0.08086	16:-0.05432	17:1.0	18:-0.93787	19:-0.61143	20:-0.02001	21:-0.92043	22:-1.0	23:-0.8	24:-1.0	25:-1.0	26:-0.78
-1	1:-0.99219	2:-0.32226	3:-0.93555	4:-1.0	5:-0.45	6:-1.0	7:1.0	8:-1.0	9:0.1125	10:-1.0	11:-0.94618	12:-0.35	13:-0.31667	14:-0.45	15:-0.53333	16:-0.43333	17:-0.98	18:-0.94	19:-1.0	20:0.30693	21:-1.0	22:-1.0	23:-1.0	24:-1.0	25:-1.0	26:-0.77
-1	1:-0.98828	2:0.99963	3:-0.92383	4:-0.87109	5:0.3	6:0.1	7:-1.0	8:-0.28809	9:0.5	10:0.5	11:-0.44576	12:0.25556	13:0.13333	14:0.16667	15:0.13333	16:0.38889	17:-0.9	18:-0.96	19:-0.94	20:-0.48515	21:0.07591	22:-0.8	23:-1.0	24:-1.0	25:-1.0	26:-0.37
-1	1:-0.98828	2:0.99331	3:-0.99609	4:-0.93555	5:-0.93333	6:-0.45	7:-1.0	8:1.0	9:0.5	10:0.1125	11:-0.44576	12:-0.54444	13:-0.61111	14:-0.61111	15:-0.57778	16:-0.56667	17:-0.66	18:-0.92	19:-0.66	20:-0.56436	21:-0.44554	22:-0.8	23:-0.6	24:-1.0	25:-1.0	26:-1.0
1	1:-0.81641	2:1.0	3:-0.02344	4:-0.02344	5:0.06508	6:0.02436	7:0.23899	8:0.64755	9:0.3381	10:0.26154	11:1.0	12:-0.0227	13:0.22695	14:0.04255	15:0.17518	16:0.19574	17:-0.7821	18:-0.93714	19:-0.94154	20:0.3305	21:-0.38403	22:-1.0	23:-1.0	24:-1.0	25:-1.0	26:-0.85
1	1:-0.61328	2:1.0	3:-0.02344	4:-0.02344	5:0.14944	6:-0.06667	7:0.21553	8:0.67444	9:0.25458	10:0.07628	11:1.0	12:-0.01667	13:-0.06601	14:0.05261	15:0.17549	16:0.19118	17:-0.99425	18:-0.954	19:-0.91795	20:-0.13696	21:-0.61216	22:0.8	23:-0.6	24:-1.0	25:-1.0	26:-0.63
1	1:-0.66406	2:1.0	3:-0.02344	4:-0.02344	5:0.02246	6:0.20333	7:0.41276	8:0.71842	9:0.38207	10:0.36438	11:1.0	12:0.05078	13:0.2438	14:0.10659	15:0.20814	16:0.04574	17:-0.99889	18:-0.98348	19:-0.948	20:-0.18812	21:-0.57863	22:-1.0	23:-1.0	24:-1.0	25:-1.0	26:-0.93
-1	1:-0.99219	2:-0.59665	3:-0.83203	4:-1.0	5:0.43333	6:-1.0	7:1.0	8:-1.0	9:0.5	10:-1.0	11:-0.94618	12:0.11667	13:0.26667	14:0.43333	15:0.4	16:0.18333	17:-0.98	18:-0.96	19:-1.0	20:-0.0495	21:-1.0	22:-1.0	23:-1.0	24:-1.0	25:-1.0	26:-0.77
1	1:-0.94531	2:1.0	3:-0.5293	4:-0.75	5:0.00417	6:-0.28889	7:0.33228	8:0.92786	9:0.075	10:-0.14583	11:-0.00773	12:-0.27143	13:-0.15	14:-0.12143	15:-0.13095	16:-0.07857	17:-0.93556	18:-0.93	19:-0.87333	20:-0.01238	21:-0.65771	22:-1.0	23:-1.0	24:-1.0	25:-1.0	26:-0.75
1	1:-0.91016	2:1.0	3:-1.0	4:-0.02344	5:-1.0	6:0.02464	7:-1.0	8:0.26127	9:-1.0	10:0.19674	11:1.0	12:0.25362	13:0.22899	14:0.02464	15:0.02754	16:0.23188	17:-0.96612	18:-1.0	19:-0.92522	20:-1.0	21:0.06845	22:-0.4	23:-1.0	24:-1.0	25:-1.0	26:-0.83
-1	1:-0.96484	2:0.99378	3:-0.73047	4:-0.89844	5:-0.23333	6:-0.42222	7:-0.31875	8:0.24414	9:0.1125	10:-0.375	11:-0.69155	12:0.07407	13:0.08519	14:-0.2963	15:-0.38148	16:-0.27407	17:-0.9971	18:-0.82667	19:-0.61333	20:-0.64356	21:-0.70957	23:-1.0	24:-1.0	25:-1.0	26:-0.59
1	1:-0.5	2:1.0	3:-0.02344	4:-0.02344	5:0.01289	6:0.08679	7:0.72239	8:0.45632	9:0.265	10:0.09858	11:1.0	12:-0.01562	13:0.075	14:0.04349	15:0.13255	16:0.12318	17:-0.99893	18:-0.96427	19:-0.92906	20:-0.04158	21:-0.60659	22:-1.0	23:-1.0	24:-1.0	25:-1.0	26:-0.88
1	1:-0.83984	2:1.0	3:-0.2207	4:-0.02344	5:-0.11333	6:-0.03462	7:0.85448	8:0.58515	9:0.17	10:0.15	11:1.0	12:-0.13089	13:-0.14959	14:-0.06341	15:-0.05122	16:0.09837	17:-0.99861	18:-0.96267	19:-0.92308	20:-0.13399	21:-0.53972	22:-1.0	23:-1.0	24:-1.0	25:-1.0	26:-0.69
-1	1:-0.96875	2:0.99843	3:-0.7832	4:-0.86914	5:0.23333	6:-0.55333	7:-0.86458	8:-0.84805	9:0.14167	10:-0.275	11:0.25719	12:-0.2375	13:-0.29167	14:-0.25833	15:-0.15833	16:-0.32083	17:0.21111	18:-0.88	19:-0.8	20:-0.27393	21:-0.21535	22:-1.0	23:-0.6	24:-1.0	25:-1.0	26:-0.48
1	1:-0.82031	2:1.0	3:-0.02344	4:-0.02344	5:0.08947	6:0.05432	7:0.15057	8:0.91615	9:0.17368	10:0.06667	11:1.0	12:-0.00725	13:0.10435	14:0.06884	15:0.00362	16:0.08043	17:-0.9979	18:-0.96842	19:-0.8963	20:-0.32152	21:-0.40809	22:-1.0	23:-1.0	24:-1.0	25:-0.8	26:-0.84
-1	1:-0.85938	2:-1.0	3:-0.02344	4:-1.0	5:-0.01852	6:-1.0	7:0.4476	8:-1.0	9:-0.1625	10:-1.0	11:-1.0	12:-0.06852	13:-0.04352	14:-0.01852	15:-0.05833	16:-0.11204	17:-0.98617	18:-0.93556	19:-1.0	20:-0.22717	21:-1.0	22:-1.0	23:-1.0	24:-1.0	25:-1.0	26:-0.69
1	1:-0.97656	2:1.0	3:-1.0	4:-0.60352	5:-1.0	6:0.12778	7:-1.0	8:1.0	9:-1.0	10:-0.01667	11:1.0	12:0.26667	13:0.28333	14:0.12778	15:0.15556	16:0.26667	17:-0.9896	18:-1.0	19:-0.94	20:-1.0	21:-0.21122	22:-1.0	23:-1.0	24:-1.0	25:-1.0	26:-0.96
-1	1:-0.94922	2:0.90668	3:-0.31055	4:-0.86133	5:0.0697	6:0.18333	7:0.19308	8:1.0	9:0.21818	10:0.5	11:-0.99237	12:0.0641	13:0.10256	14:0.08718	15:0.02564	16:0.08205	17:-0.99729	18:-0.98182	19:-0.96	20:-0.24032	21:-0.8751	22:-1.0	23:-1.0	24:-1.0	25:-1.0	26:-0.97
1	1:-0.96875	2:1.0	3:-1.0	4:-0.48633	5:-1.0	6:0.09583	7:-1.0	8:0.03177	9:-1.0	10:0.20938	11:1.0	12:0.04583	13:0.26667	14:0.09583	15:0.02917	16:0.27083	17:-0.9898	18:-1.0	19:-0.925	20:-1.0	21:0.21535	22:-1.0	23:-1.0	24:-0.8	25:-1.0	26:-0.93
1	1:-0.83984	2:1.0	3:-0.02344	4:-0.02344	5:0.07368	6:-0.07727	7:1.0	8:1.0	9:0.15789	10:0.275	11:1.0	12:-0.00163	13:0.03089	14:-0.00732	15:0.03008	16:0.06667	17:-0.91778	18:-0.94737	19:-0.92364	20:-0.04325	21:-0.37406	22:-0.8	23:-1.0	24:-1.0	25:-1.0	26:-0.71
1	1:-0.97266	2:1.0	3:-0.91602	4:-0.53125	5:0.43333	6:0.33333	7:-1.0	8:-0.25547	9:0.5	10:0.24167	11:0.97193	12:0.17619	13:0.1381	14:0.34762	15:0.16667	16:0.26667	17:-0.85556	18:-0.92	19:-0.91333	20:0.16832	21:0.1372	22:-1.0	23:-1.0	24:-1.0	25:-1.0	26:-0.93
-1	1:-0.98828	2:0.92387	3:-0.88281	4:-0.92773	6:0.23333	8:-1.0	9:-0.275	10:0.5	11:-0.81322	12:0.22222	13:0.03333	14:0.07778	15:0.12222	16:0.12222	17:-0.99889	18:-0.98	19:-0.92	20:-0.44554	21:-0.54455	22:-0.8	23:-1.0	24:-1.0	25:-1.0	26:-0.95
1	1:-0.98047	2:0.99999	3:-0.85938	4:-0.77344	5:0.2	6:0.28889	7:1.0	8:-0.87044	9:0.1125	10:0.14167	11:-0.26373	12:0.13333	13:0.22	14:0.25333	15:0.30667	16:0.18	17:-0.98889	18:-0.94	19:-0.88	20:0.0099	21:-0.10495	22:-0.8	23:-1.0	24:-1.0	25:-1.0	26:-0.91
1	1:-0.94531	2:1.0	3:-0.52148	4:-0.48438	5:0.16667	6:0.25714	7:0.70945	8:-0.24581	9:0.5	10:0.38929	11:0.43047	12:0.16429	13:0.26667	14:0.2119	15:0.14762	16:0.23571	17:-0.9964	18:-0.97714	19:-0.95429	20:-0.17397	21:-0.74116	22:-0.8	23:-1.0	24:-1.0	25:-1.0	26:-0.93
1	1:-0.9375	2:1.0	3:-0.48633	4:-0.45117	5:0.09583	6:0.17083	7:0.9135	8:-0.43917	9:0.20938	10:0.20938	11:0.6347	12:0.27083	13:0.22083	14:0.13333	15:-0.02292	16:-0.0875	17:-0.98889	18:-0.93	19:-0.945	20:-0.24752	21:-0.60396	23:-1.0	24:-1.0	25:-1.0	26:-0.82
-1	1:-0.98047	2:0.99843	3:-0.81836	4:-0.87891	5:0.03333	6:0.03333	7:-0.10742	8:-0.28809	9:0.5	10:0.5	11:-0.66696	12:0.20667	13:-0.03333	14:0.03333	16:-0.09333	17:-0.98889	18:-0.97333	19:-0.94	20:-0.0099	21:-0.6	22:-1.0	23:-1.0	24:-1.0	25:-1.0	26:-0.91
1	1:-0.93359	2:1.0	3:-0.44336	4:-0.57031	5:-0.05	6:0.04762	7:1.0	8:-0.09868	9:0.2675	10:0.27857	11:0.07855	12:0.07843	13:-0.04314	14:-0.0098	15:0.02549	16:0.13725	17:-0.91	18:-0.912	19:-0.94286	20:-0.28317	21:-0.56902	22:-1.0	23:-1.0	24:-1.0	25:-1.0	26:-0.9
1	1:-0.97656	2:1.0	3:-0.87305	4:-0.69141	5:0.08333	6:0.31667	7:0.80566	8:0.36247	9:0.1125	10:0.30625	11:0.05469	12:0.22222	13:0.3	14:0.23889	15:0.12778	16:0.22222	17:-0.7464	18:-0.88	19:-0.96	20:-0.51485	21:-0.60066	22:-1.0	23:-1.0	24:-1.0	25:-1.0	26:-0.91
1	1:-0.96875	2:1.0	3:-0.80469	4:-0.68359	5:-0.16667	6:0.35	7:1.0	8:-0.88346	9:0.1125	10:0.30625	11:-0.17935	12:0.02917	13:-0.01667	14:0.09167	15:0.1125	16:0.17917	17:-0.9864	18:-0.96	19:-0.96	20:-0.31188	21:-0.78713	22:-1.0	23:-0.4	24:-1.0	25:-1.0	26:-0.87
1	1:-0.92188	2:1.0	3:-0.71094	4:-0.34961	5:-0.50667	6:0.11	7:1.0	8:-0.45423	9:0.1125	10:0.2675	11:1.0	12:-0.03	13:-0.07833	14:-0.19833	15:-0.14333	16:-0.19667	17:-0.9352	18:-0.92	19:-0.912	20:-0.20396	21:-0.31584	22:-0.6	23:-1.0	24:-1.0	25:-1.0	26:-0.82
1	1:-0.96484	2:1.0	3:-1.0	4:-0.51172	5:-1.0	6:-0.07407	7:-1.0	8:1.0	9:-1.0	10:0.20833	11:1.0	12:-0.1	13:-0.21111	14:-0.07407	15:-0.12963	16:-0.14444	17:-0.9275	18:-1.0	19:-0.89333	20:-1.0	21:0.0341	22:-1.0	23:-0.8	24:-1.0	25:-1.0	26:-0.87
-1	1:-0.97266	2:0.99687	3:-0.78906	4:-0.9082	5:-0.1	6:-0.47778	7:-0.94987	8:1.0	9:0.1125	10:-0.375	11:-0.48844	12:-0.10476	13:-0.11429	14:-0.2619	15:0.00952	16:0.03333	17:-0.9939	18:-0.96	19:-0.72	20:-0.79208	21:-0.58982	22:-0.6	23:-0.6	24:-1.0	25:-1.0	26:-0.43
1	1:-0.43359	2:1.0	3:-0.02344	4:-0.02344	5:0.09621	6:0.03626	7:0.44838	8:0.85012	9:0.29972	10:0.13596	11:1.0	12:0.16437	13:0.04989	14:0.07264	15:0.13701	16:0.0446	17:-0.99913	18:-0.98091	19:-0.93333	20:-0.03308	21:-0.56927	22:-1.0	23:-1.0	24:-1.0	25:-1.0	26:-0.9
1	1:-0.96875	2:1.0	3:-0.72852	4:-0.74023	5:0.15833	6:0.10833	7:1.0	8:0.8776	9:0.1125	10:0.5	11:-0.17935	12:0.2625	13:0.175	14:0.13333	15:0.00417	16:0.10417	17:-0.98	18:-0.98	19:-0.91	20:0.38614	21:-0.44554	22:-1.0	23:-1.0	24:-0.8	25:-1.0	26:-0.79
1	1:-0.84375	2:1.0	3:-0.02344	4:-0.02344	5:0.04783	6:0.14314	7:0.63528	8:0.15771	9:0.29783	10:0.18088	11:1.0	12:0.1775	13:0.0775	14:0.08833	15:-0.00083	16:0.13417	17:-0.97999	18:-0.97043	19:-0.92235	20:0.08739	21:-0.50347	22:-1.0	23:-1.0	24:-1.0	25:-1.0	26:-0.96
1	1:-0.82422	2:1.0	3:-0.02344	4:-0.02344	5:0.17179	6:0.0614	7:0.21556	8:1.0	9:0.26154	10:0.37763	11:1.0	12:0.18815	13:0.14074	14:0.12519	15:0.33704	16:0.25407	17:-0.99793	18:-0.98154	19:-0.94316	20:-0.3016	21:-0.64356	22:-1.0	23:-0.8	24:-1.0	25:-1.0	26:-0.93
1	1:-0.85938	2:1.0	3:-0.02344	4:-0.02344	5:0.12456	6:0.09804	7:-0.29082	8:0.14235	9:0.17368	10:0.13529	11:1.0	12:0.02883	13:0.10811	14:0.1	15:0.12613	16:-0.02973	17:-0.91875	18:-0.93053	19:-0.92471	20:0.24544	21:-0.33223	22:-0.8	23:-1.0	24:-1.0	25:-1.0	26:-0.87
1	1:-0.83203	2:1.0	3:-0.02344	4:-0.02344	5:0.18333	6:0.16825	7:1.0	8:0.26574	9:0.35909	10:0.33452	11:1.0	12:0.02946	13:0.15426	14:0.17597	15:0.15194	16:0.04574	17:-0.99913	18:-0.98909	19:-0.94667	20:-0.16742	21:-0.67672	22:-1.0	23:-1.0	24:-1.0	25:-1.0	26:-0.99
1	1:-0.97656	2:1.0	3:-1.0	4:-0.59961	5:-1.0	6:0.13889	7:-1.0	8:-0.45182	9:-1.0	10:0.37083	11:1.0	12:0.16667	13:0.17222	14:0.13889	15:0.21111	16:0.16111	17:-0.98	18:-1.0	19:-0.93333	20:-1.0	21:-0.68977	22:-1.0	23:-0.8	24:-1.0	25:-1.0	26:-0.96
1	1:-0.98047	2:1.0	3:-1.0	4:-0.66797	5:-1.0	6:0.13333	7:-1.0	8:-0.56895	9:-1.0	10:0.19	11:1.0	12:0.21333	13:0.24667	14:0.13333	15:0.19333	16:0.20667	17:-0.9896	18:-1.0	19:-0.92	20:-1.0	21:-0.5802	22:-0.8	23:-0.6	24:-1.0	25:-1.0	26:-0.95
1	1:-0.93359	2:1.0	3:-0.36523	4:-0.44727	5:0.2037	6:0.17917	7:0.21604	8:0.33929	9:0.15556	10:0.30625	11:0.51719	12:0.03725	13:0.00392	14:0.19216	15:0.18627	16:0.31176	17:-0.97929	18:-0.93778	19:-0.93	20:-0.36414	21:-0.54805	22:-1.0	23:-0.8	24:-0.8	25:-1.0	26:-0.98
1	1:-0.45312	2:1.0	3:-1.0	4:-0.02344	5:-1.0	6:0.29976	7:-1.0	8:0.37624	9:-1.0	10:0.26804	11:1.0	12:0.26167	13:0.29548	14:0.29976	15:0.28762	16:0.20024	17:-0.98953	18:-1.0	19:-0.92429	20:-1.0	21:-0.03805	22:-0.8	23:-1.0	24:-1.0	25:-1.0	26:-0.82
1	1:-0.90625	2:1.0	3:-1.0	4:-0.02344	5:-1.0	6:0.0625	7:-1.0	8:0.55706	9:-1.0	10:0.26146	11:1.0	12:0.15417	13:0.09722	14:0.0625	15:0.03611	16:0.16528	17:-0.98988	18:-1.0	19:-0.93333	20:-1.0	21:-0.32261	22:-0.4	23:-0.8	24:-1.0	25:-1.0	26:-0.91
1	1:-0.68359	2:1.0	3:-0.02344	4:-0.02344	5:0.12593	6:0.08519	7:0.78539	8:0.79843	9:0.36222	10:0.26319	11:1.0	12:0.06008	13:0.00123	14:0.10782	15:0.09012	16:0.07325	17:-0.94109	18:-0.96178	19:-0.92222	20:-0.09307	21:-0.49884	22:-1.0	23:-0.6	24:-1.0	25:-1.0	26:-0.84
-1	1:-0.28906	2:-1.0	3:-0.02344	4:-1.0	5:0.15678	6:-1.0	7:0.6258	8:-1.0	9:0.3408	10:-1.0	11:-1.0	12:0.23297	13:0.09927	14:0.15678	15:0.05513	16:0.0456	17:-0.98984	18:-0.97297	19:-1.0	20:0.02241	21:-1.0	22:-1.0	23:-1.0	24:-1.0	25:-1.0	26:-0.97
1	1:-0.95703	2:1.0	3:-0.49023	4:-0.6875	5:0.24286	6:0.33333	7:0.74535	8:-0.58268	9:0.27857	10:0.30625	11:-0.51666	12:0.18182	13:0.25152	14:0.27576	15:0.11212	16:0.1303	17:-0.9675	18:-0.94286	19:-0.92	20:0.19661	21:-0.42034	22:-0.8	23:-1.0	24:-1.0	25:-1.0	26:-0.93
1	1:-0.96094	2:1.0	3:-1.0	4:-0.41211	5:-1.0	6:0.00333	7:-1.0	8:0.52995	9:-1.0	10:0.19	11:1.0	12:0.08333	13:0.07	14:0.00333	15:0.04333	16:0.07	17:-0.98816	18:-1.0	19:-0.928	20:-1.0	21:-0.42574	22:-1.0	23:-1.0	24:-1.0	25:-0.8	26:-0.85
1	1:-0.67188	2:1.0	3:-0.98047	4:-0.02344	5:-0.93333	6:0.06414	7:1.0	8:0.51615	9:0.08	10:0.07057	11:1.0	12:0.0631	13:-0.03849	14:0.00476	15:0.11627	16:0.14127	17:0.21031	18:-0.864	19:-0.91949	20:-0.37426	21:-0.13602	22:-1.0	23:-0.6	24:-1.0	25:-1.0	26:-0.96
-1	1:-0.96875	2:0.99378	3:-0.64062	4:-0.89258	5:0.02222	6:-0.08333	7:1.0	8:1.0	9:-0.06667	10:0.5	11:-0.8898	12:0.07917	13:0.0875	14:-0.00417	15:-0.02083	16:-0.02083	17:-0.99778	18:-0.89333	19:-0.96	20:-0.17492	21:-0.7401	22:-1.0	23:-1.0	24:-1.0	25:-1.0	26:-0.81
-1	1:-0.99219	2:-0.59665	3:-0.85938	4:-1.0	5:0.2	6:-1.0	7:0.41016	8:-1.0	9:0.5	10:-1.0	11:-0.94618	12:0.43333	13:0.33333	14:0.2	15:0.23333	16:0.31667	17:-0.98889	18:-1.0	19:-1.0	20:0.20792	21:-1.0	22:-1.0	23:-0.2	24:-1.0	25:-1.0	26:-0.82
1	1:-0.92578	2:1.0	3:-1.0	4:-0.02344	5:-1.0	6:0.07193	7:-1.0	8:-0.31671	9:-1.0	10:0.07632	11:1.0	12:-0.05965	13:0.10175	14:0.07193	15:-0.05614	16:0.1807	17:-0.9875	18:-1.0	19:-0.92632	20:-1.0	21:0.01407	22:-1.0	23:-1.0	24:-1.0	25:-1.0	26:-0.99
-1	1:-0.98828	2:0.96244	3:-0.93555	4:-0.92969	5:-0.45	6:0.2	7:1.0	8:-1.0	9:0.5	10:0.5	11:-0.81322	12:-0.12222	13:-0.2	14:-0.23333	15:-0.18889	16:-0.13333	17:-0.99	18:-0.98	19:-0.96	20:0.0099	21:-0.9538	22:-1.0	23:-1.0	24:-1.0	25:-1.0	26:-0.99
1	1:-0.97656	2:0.99999	3:-0.8418	4:-0.80859	5:-0.1	6:0.08889	7:-0.91732	8:-0.87044	9:0.20833	10:-0.01667	11:-0.37788	12:0.08889	13:-0.11667	14:-0.00556	15:-0.08889	16:-0.10556	17:-0.47	18:-0.92	19:-0.93333	20:0.73597	21:-0.07591	22:-1.0	23:-1.0	24:-1.0	25:-1.0	26:-0.87
-1	1:-0.98828	2:0.92387	3:-0.83984	4:-0.92969	5:0.36667	6:0.2	7:0.26562	8:-1.0	9:0.5	10:0.5	11:-0.81322	12:0.24444	13:0.27778	14:0.31111	15:0.3	16:0.22222	17:-0.99	18:-1.0	19:-0.88	20:0.58416	21:-0.39934	22:-0.8	23:-1.0	24:-1.0	25:-1.0	26:-0.97
1	1:-0.94141	2:1.0	3:-0.29102	4:-0.62305	5:0.21	6:0.28667	7:-0.60755	8:-0.77871	9:-0.0425	10:0.19	11:-0.5445	12:0.19111	13:0.19556	14:0.23556	15:0.14	16:0.16667	17:-0.93982	18:-0.88	19:-0.856	20:0.35446	21:-0.51551	22:-0.8	23:-1.0	24:-1.0	25:-1.0	26:-0.87
1	1:-0.91016	2:1.0	3:-0.23047	4:-0.33594	5:0.09444	6:0.0303	7:0.58144	8:1.0	9:0.15208	10:0.07727	11:1.0	12:0.06957	13:-0.04638	14:0.06377	15:-0.02319	16:0.11739	17:-0.99975	18:-0.95667	19:-0.93818	20:-0.20132	21:-0.60654	22:-1.0	23:-1.0	24:-1.0	25:-1.0	26:-0.95
-1	1:-0.98047	2:0.72887	3:-0.75	4:-0.9375	5:0.06667	6:0.06667	7:-0.97087	8:-1.0	9:-0.275	10:0.5	11:-0.92209	12:0.12667	13:0.17333	14:0.06667	15:0.16667	16:0.1	17:-0.9	18:-0.93	19:-0.96	20:0.84653	21:-0.67129	22:-1.0	23:-1.0	24:-1.0	25:-1.0	26:-0.89
-1	1:-0.99219	2:-0.59665	3:-0.86523	4:-1.0	5:0.15	6:-1.0	7:-0.9209	8:-1.0	9:0.1125	10:-1.0	11:-0.94618	12:0.45	13:0.36667	14:0.15	15:0.25	16:0.4	17:-0.98889	18:-1.0	19:-1.0	20:-0.55446	21:-1.0	22:-0.8	23:-1.0	24:-1.0	25:-1.0	26:-0.83
1	1:-0.9375	2:1.0	3:-0.62305	4:-0.24219	5:0.07222	6:0.29333	7:-0.51484	8:-0.0941	9:-0.275	10:0.345	11:1.0	12:0.23542	13:0.07917	14:0.21042	15:0.1375	16:0.13542	17:-0.98816	18:-0.98667	19:-0.944	20:0.52475	21:-0.15099	22:-1.0	23:-0.8	24:-1.0	25:-1.0	26:-0.75
-1	1:-0.98047	2:0.99963	3:-0.95703	4:-0.88672	5:-0.75556	6:-0.03333	7:-0.07747	8:-0.99609	9:-0.51667	10:-0.575	11:-0.66696	12:-0.37333	13:-0.46	14:-0.46667	15:-0.44667	16:-0.54667	17:-0.26	18:-0.8	19:-0.56	20:0.20132	21:-0.88119	22:-1.0	23:-1.0	24:-1.0	25:-1.0	26:-0.55
-1	1:-0.98047	2:0.96244	3:-0.91406	4:-0.93359	5:-0.51111	6:-0.43333	7:0.5319	8:1.0	9:0.24167	10:0.5	11:-0.66696	12:-0.30667	13:-0.20667	14:-0.48	15:-0.46667	16:-0.46667	17:-0.95	18:-0.97333	19:-0.96	20:-0.17492	21:-0.57624	22:-1.0	23:-1.0	24:-1.0	25:-1.0	26:-0.85
1	1:-0.98438	2:1.0	3:-1.0	4:-0.8125	5:-1.0	6:-0.2	7:-1.0	8:-0.04639	9:-1.0	10:-0.08125	11:0.84665	12:-0.15	13:-0.23333	14:-0.2	15:-0.175	16:-0.33333	17:-0.9	18:-1.0	19:-0.87	20:-1.0	21:-0.43069	22:-1.0	23:-1.0	24:-1.0	25:-1.0	26:-0.97
1	1:-0.83984	2:1.0	3:-1.0	4:-0.02344	5:-1.0	6:0.0626	7:-1.0	8:0.4042	9:-1.0	10:0.0439	11:1.0	12:-0.00163	13:-0.01951	14:0.0626	15:0.00407	16:-0.01463	17:-0.9667	18:-1.0	19:-0.8839	20:-1.0	21:-0.34653	23:-1.0	24:-1.0	25:-1.0	26:-0.52
-1	1:-0.96094	2:0.95199	3:-0.50781	4:-0.84766	5:0.05	6:0.3	7:-0.28516	8:-0.85938	9:-0.29062	10:0.1125	11:-0.95911	12:0.07667	13:0.01	14:0.1	15:0.08667	16:-0.00667	17:-0.5	18:-0.845	19:-0.88	20:0.14851	21:-0.63564	22:-1.0	23:-1.0	24:-1.0	25:-1.0	26:-0.4
1	1:-0.9375	2:1.0	3:-0.50586	4:-0.3457	5:0.20476	6:0.24074	7:0.28692	8:0.49365	9:0.27857	10:0.32778	11:1.0	12:0.06042	13:0.16458	14:0.225	15:0.0875	16:0.22292	17:-0.99196	18:-0.98857	19:-0.93778	20:-0.4512	21:-0.56559	22:-1.0	23:-1.0	24:-1.0	25:-1.0	26:-0.85
-1	1:-0.98828	2:0.92387	3:-0.87891	4:-0.92969	5:0.03333	6:0.2	7:-0.06152	8:-1.0	9:-0.275	10:0.5	11:-0.81322	12:0.17778	13:0.01111	14:0.08889	15:0.32222	16:0.26667	17:-0.9	18:-0.88	19:-0.88	20:0.23762	21:-0.83498	22:-1.0	23:-0.8	24:-1.0	25:-1.0	26:-0.69
1	1:-0.70312	2:1.0	3:-0.02344	4:-0.02344	5:0.12632	6:0.06228	7:0.38874	8:0.853	9:0.45921	10:0.40329	11:1.0	12:0.06535	13:0.22763	14:0.0943	15:0.09561	16:0.11798	17:-0.9971	18:-0.98526	19:-0.95263	20:-0.17092	21:-0.55029	22:-1.0	23:-1.0	24:-1.0	25:-1.0	26:-0.85
1	1:-0.98828	2:0.99996	3:-1.0	4:-0.83398	5:-1.0	6:-0.05556	7:-1.0	8:1.0	9:-1.0	10:0.5	11:0.39994	12:-0.03333	13:-0.04444	14:-0.05556	15:-0.18889	16:-0.12222	17:-0.95	18:-1.0	19:-0.90667	20:-1.0	21:0.44554	22:-0.8	23:-0.6	24:-1.0	25:-1.0	26:-0.96
1	1:-0.91016	2:1.0	3:-1.0	4:-0.02344	5:-1.0	6:0.03043	7:-1.0	8:1.0	9:-1.0	10:0.26413	11:1.0	12:0.15217	13:0.13188	14:0.03043	15:0.13478	16:0.04783	17:-0.97639	18:-1.0	19:-0.93565	20:-1.0	21:0.09858	22:-0.4	23:-1.0	24:-1.0	25:-1.0	26:-0.75
-1	1:-0.99219	2:-0.32226	3:-0.91016	4:-1.0	5:-0.23333	6:-1.0	7:-0.99609	8:-1.0	9:0.1125	10:-1.0	11:-0.94618	12:-0.33333	13:-0.35	14:-0.23333	15:-0.26667	16:-0.28333	17:-0.74	18:-0.84	19:-1.0	20:-0.34653	21:-1.0	22:-1.0	23:-0.8	24:-1.0	25:-1.0	26:-0.73
-1	1:-0.99219	2:-0.59665	3:-0.86133	4:-1.0	5:0.18333	6:-1.0	7:1.0	8:-1.0	9:0.5	10:-1.0	11:-0.94618	12:0.16667	13:0.06667	14:0.18333	15:0.03333	16:-0.08333	17:-0.98	18:-0.98	19:-1.0	20:-0.0396	21:-1.0	22:-1.0	23:-1.0	24:-1.0	25:-1.0	26:-0.99
1	1:-0.87109	2:1.0	3:-1.0	4:-0.02344	5:-1.0	6:-0.07273	7:-1.0	8:0.48728	9:-1.0	10:0.11515	11:1.0	13:0.01717	14:-0.07273	15:-0.05152	16:-0.01515	17:-0.76173	18:-1.0	19:-0.90424	20:-1.0	21:-0.0171	22:-0.8	23:-0.8	24:-1.0	25:-1.0	26:-0.76
1	1:-0.92188	2:1.0	3:-0.5	4:-0.1543	5:0.06667	6:0.20278	7:1.0	8:0.36593	9:0.40312	10:0.21042	11:1.0	12:0.02	13:0.05	14:0.14833	15:0.135	16:0.18167	17:-0.9875	18:-0.965	19:-0.94	20:0.42079	21:-0.44257	22:-1.0	23:-0.4	24:-1.0	25:-1.0	26:-0.87
1	1:-0.72266	2:1.0	3:-1.0	4:-0.02344	5:-1.0	6:0.1385	7:-1.0	8:0.44819	9:-1.0	10:-0.18099	11:1.0	12:0.1108	13:0.11127	14:0.1385	15:-0.0061	16:-0.00141	17:-0.98773	18:-1.0	19:-0.89746	20:-1.0	21:0.24976	22:-1.0	23:-0.8	24:-1.0	25:-1.0	26:-0.94
1	1:-0.97266	2:1.0	3:-0.79688	4:-0.69336	5:0.15556	6:0.30833	7:0.18555	8:0.82357	9:0.24167	10:-0.225	11:-0.06324	12:0.12381	13:0.30952	14:0.24286	15:0.3619	16:0.25238	17:-0.99889	18:-0.96	19:-0.91	20:0.14851	21:-0.32673	22:-1.0	23:-1.0	24:-1.0	25:-1.0	26:-0.87
1	1:-0.67578	2:1.0	3:-0.02344	4:-0.02344	5:-0.01057	6:0.13968	7:0.26551	8:0.55921	9:0.31585	10:0.31548	11:1.0	12:0.04859	13:0.08876	14:0.06546	15:0.12771	16:0.0747	17:-0.99106	18:-0.96878	19:-0.94286	20:0.01473	21:-0.52213	22:-1.0	23:-1.0	24:-1.0	25:-1.0	26:-0.87
1	1:-0.55859	2:1.0	3:-0.02344	4:-0.02344	5:-0.02611	6:0.08553	7:0.64254	8:0.81863	9:0.23667	10:0.18726	11:1.0	12:0.04454	13:0.10265	14:0.02625	15:-0.01681	16:0.13274	17:-0.99964	18:-0.974	19:-0.92679	20:-0.10957	21:-0.54964	22:-1.0	23:-1.0	24:-1.0	25:-1.0	26:-0.95
-1	1:-0.98828	2:0.92387	3:-0.8457	4:-0.92188	5:0.31667	6:0.33333	7:0.5625	8:-1.0	9:0.5	10:0.5	11:-0.81322	12:0.32222	13:0.31111	14:0.32222	15:0.43333	16:0.13333	17:-0.90889	18:-1.0	19:-0.88	20:-0.26733	21:-0.9604	22:-0.6	23:-1.0	24:-1.0	25:-1.0	26:-1.0
1	1:-0.91016	2:1.0	3:-0.11133	4:-0.51172	5:0.16667	6:-0.16667	7:0.31493	8:1.0	9:0.38077	10:0.035	11:0.69067	12:0.1029	13:0.17971	14:0.02174	15:0.10145	16:0.02029	17:-0.96649	18:-0.98462	19:-0.88	20:0.30845	21:-0.59019	22:-0.8	23:-1.0	24:-1.0	25:-1.0	26:-0.72
1	1:-0.875	2:1.0	3:-0.08398	4:-0.02344	5:0.20256	6:0.14386	7:0.69922	8:-0.19519	9:0.32115	10:0.05132	11:1.0	12:0.26875	13:0.22083	14:0.16771	15:0.22708	16:0.29479	17:-0.99926	18:-0.97231	19:-0.86947	20:-0.10891	21:-0.63304	22:-1.0	23:-0.8	24:-1.0	25:-1.0	26:-0.97
1	1:-0.89062	2:1.0	3:-1.0	4:-0.02344	5:-1.0	6:0.13333	7:-1.0	8:0.39843	9:-1.0	10:0.2125	11:1.0	12:0.0881	13:0.04048	14:0.13333	15:0.03095	16:0.13452	17:-0.98	18:-1.0	19:-0.90857	20:-1.0	21:0.24611	22:-1.0	23:-1.0	24:-1.0	25:-1.0	26:-0.89
1	1:-0.92969	2:1.0	3:-0.06445	4:-0.58594	5:0.33056	6:0.17778	7:0.02325	8:-0.23984	9:0.30625	10:0.24167	11:-0.46508	12:0.20556	13:0.27593	14:0.27963	15:0.15185	16:0.20741	17:-0.97182	18:-0.96	19:-0.92	20:0.13696	21:-0.57096	22:-1.0	23:-0.6	24:-0.8	25:-1.0	26:-0.75
1	1:-0.91797	2:1.0	3:-0.2207	4:-0.4043	5:0.20909	6:0.01667	7:1.0	8:1.0	9:0.21818	10:-0.18	11:0.92576	12:0.1	13:0.14286	14:0.11746	15:0.1619	16:0.11111	17:-0.9849	18:-0.95636	19:-0.884	20:-0.0495	21:-0.5455	22:-1.0	23:-0.8	24:-1.0	25:-1.0	26:-0.68
-1	1:-0.98828	2:0.99996	3:-0.99609	4:-0.91016	5:-0.93333	6:-0.23333	7:-1.0	8:-0.52734	9:-0.275	10:-0.425	11:-0.44576	12:-0.3	13:-0.27778	14:-0.46667	15:-0.57778	16:-0.41111	17:-0.66	18:-0.56	19:-0.64	20:-0.92079	21:-0.48515	22:-0.8	23:-1.0	24:-1.0	25:-1.0	26:-0.87
-1	1:-0.96875	2:0.99378	3:-0.63086	4:-0.89844	5:0.05	6:-0.13333	7:1.0	8:-1.0	9:0.24167	10:-0.275	11:-0.8898	13:0.02083	14:0.00417	15:0.01667	16:-0.175	17:-0.7496	18:-0.94	19:-0.72	20:-0.13201	21:-0.64356	22:-0.8	23:-1.0	24:-1.0	25:-1.0	26:-0.75
-1	1:-0.9375	2:-0.99974	3:-0.08203	4:-1.0	5:-0.02083	6:-1.0	7:0.55774	8:-1.0	9:0.40312	10:-1.0	11:-0.99998	12:0.10208	13:-0.025	14:-0.02083	15:0.06042	16:-0.03958	17:-0.94408	18:-0.9575	19:-1.0	20:0.26114	21:-1.0	22:-1.0	23:-1.0	24:-1.0	25:-1.0	26:-0.91
-1	1:-0.98438	2:-0.88011	3:-0.72656	4:-1.0	5:0.16667	6:-1.0	7:-0.70703	8:-1.0	9:0.30625	10:-1.0	11:-0.9818	12:0.25833	13:0.13333	14:0.16667	15:0.10833	16:0.25	17:-0.98	18:-0.98	19:-1.0	20:0.0297	21:-1.0	22:-1.0	23:-1.0	24:-1.0	25:-1.0	26:-0.77
1	1:-0.96484	2:1.0	3:-0.625	4:-0.77734	5:0.28	6:-0.05	7:0.37363	8:-0.37695	9:0.345	10:-0.35	11:-0.29428	12:0.16296	13:0.08519	14:0.13333	15:0.07778	16:0.1037	17:-0.98556	18:-1.0	19:-0.96	20:-0.41386	21:-0.38834	22:-1.0	23:-1.0	24:-0.8	25:-0.4	26:-0.9
1	1:-0.97266	2:1.0	3:-1.0	4:-0.58789	5:-1.0	6:0.00476	7:-1.0	8:1.0	9:-1.0	10:0.38929	11:1.0	12:0.04762	13:0.05238	14:0.00476	15:0.07619	16:0.12857	17:-0.9675	18:-1.0	19:-0.94286	20:-1.0	21:0.31825	22:-0.6	23:-1.0	24:-1.0	25:-1.0	26:-0.81
1	1:-0.98047	2:1.0	3:-1.0	4:-0.67188	5:-1.0	6:0.12	7:-1.0	8:0.21328	9:-1.0	10:0.345	11:1.0	12:0.2	13:0.25333	14:0.12	15:0.04	16:0.24667	17:-0.9896	18:-1.0	19:-0.952	20:-1.0	21:-0.12475	22:-1.0	23:-1.0	24:-1.0	25:-1.0	26:-0.87
1	1:-0.58984	2:1.0	3:-0.02344	4:-0.02344	5:0.23333	6:0.13019	7:0.44548	8:0.47596	9:0.22067	10:0.13868	11:1.0	12:0.08317	13:0.18159	14:0.18127	15:0.08159	16:0.18603	17:-0.99955	18:-0.97462	19:-0.89585	20:0.19573	21:-0.43366	22:-1.0	23:-1.0	24:-1.0	25:-1.0	26:-0.88
1	1:-0.96875	2:0.99997	3:-0.74805	4:-0.81641	5:-0.14	6:0.04444	7:0.76621	8:1.0	9:0.345	10:0.24167	11:-0.59397	12:0.07917	13:0.075	14:-0.07083	15:0.0875	16:0.2	17:-0.97111	18:-0.952	19:-0.93333	20:0.19604	21:-0.7104	22:-0.6	23:-1.0	24:-1.0	25:-1.0	26:-0.78
1	1:-0.72266	2:1.0	3:-1.0	4:-0.02344	5:-1.0	6:0.0723	7:-1.0	8:0.67464	9:-1.0	10:0.25563	11:1.0	12:-0.00235	13:0.16009	14:0.0723	15:0.11549	16:0.10141	17:-0.98844	18:-1.0	19:-0.92845	20:-1.0	21:0.0615	22:-1.0	23:-0.8	24:-1.0	25:-1.0	26:-0.93
-1	1:-0.98828	2:0.99963	3:-0.95117	4:-0.875	5:-0.16667	6:0.06667	7:-1.0	8:-1.0	9:0.5	10:-0.275	11:-0.44576	12:-0.05556	13:-0.02222	14:-0.01111	15:0.08889	16:-0.02222	17:-0.66	18:-0.96	19:-0.68	20:-0.22772	21:-0.77558	22:-0.8	23:-1.0	24:-1.0	25:-1.0	26:-0.33
1	1:-0.73047	2:1.0	3:-0.02344	4:-0.02344	5:0.08667	6:0.03137	7:0.15918	8:1.0	9:0.34214	10:0.27206	11:1.0	12:0.07198	13:0.11304	14:0.05942	15:0.16039	16:0.21014	17:-0.98868	18:-0.97714	19:-0.93647	20:0.04611	21:-0.53451	22:-0.8	23:-0.8	24:-1.0	25:-1.0	26:-0.91
1	1:-0.98047	2:1.0	3:-1.0	4:-0.70508	5:-1.0	6:0.00667	7:-1.0	8:0.01113	9:-1.0	10:-0.025	11:1.0	12:0.10667	13:0.11333	14:0.00667	15:-0.14	16:0.02	17:-0.9896	18:-1.0	19:-0.888	20:-1.0	21:-0.42178	22:-0.8	23:-1.0	24:-1.0	25:-1.0	26:-0.91
1	1:-0.71875	2:1.0	3:-0.02344	4:-0.02344	5:0.15726	6:-0.05354	7:0.22364	8:0.40207	9:0.18205	10:0.07727	11:1.0	12:0.03611	13:0.06759	14:0.06065	15:0.10787	16:0.14537	17:-0.9992	18:-0.96718	19:-0.93576	20:-0.02666	21:-0.48982	22:-1.0	23:-0.4	24:-1.0	25:-1.0	26:-0.72
-1	1:-0.95312	2:0.90668	3:-0.32812	4:-0.87695	5:0.14667	6:0.05	7:0.47615	8:-0.33984	9:0.2675	10:-0.275	11:-0.98646	12:0.02222	13:0.04167	14:0.13056	15:0.16389	16:0.20278	17:-0.66	18:-0.94	19:-0.86	20:0.09505	21:-0.76238	22:-0.8	23:-0.8	24:-1.0	25:-1.0	26:-0.87
-1	1:-0.99219	2:-0.59665	3:-0.84961	4:-1.0	5:0.28333	6:-1.0	7:0.89062	8:-1.0	9:0.1125	10:-1.0	11:-0.94618	12:0.2	13:0.33333	14:0.28333	15:0.16667	16:-0.45	17:-0.98	18:-0.9	19:-1.0	20:-0.0099	21:-1.0	22:-1.0	23:-1.0	24:-1.0	25:-1.0	26:-0.91
-1	1:-0.95312	2:0.90668	3:-0.36523	4:-0.86914	5:0.2037	6:-0.25556	7:0.15224	8:1.0	9:0.41389	10:-0.275	11:-0.90226	12:0.13889	13:0.09722	14:0.08889	15:-0.01667	16:0.05	17:-0.99444	18:-0.98667	19:-0.89333	20:0.19252	21:-0.67822	22:-1.0	23:-1.0	24:-1.0	25:-1.0	26:-0.93
-1	1:-0.96875	2:0.99378	3:-0.69727	4:-0.875	5:-0.13889	6:0.06667	7:-0.36823	8:-0.9375	9:0.1125	10:-0.275	11:-0.8898	12:-0.06667	13:-0.11667	14:-0.0875	15:0.0375	16:0.04167	17:-0.74	18:-0.98	19:-0.72	20:-0.61716	21:-0.67327	22:-1.0	23:-0.8	24:-1.0	25:-1.0	26:-0.69
-1	1:-0.98047	2:1.0	3:-1.0	4:-0.78125	5:-1.0	6:-0.25333	7:-1.0	8:0.69238	9:-1.0	10:-0.61	11:1.0	12:-0.24667	13:-0.31333	14:-0.25333	15:-0.20667	16:-0.36667	17:-0.96222	18:-1.0	19:-0.616	20:-1.0	21:-0.18812	22:-1.0	23:-1.0	24:-1.0	25:-1.0	26:-0.95
-1	1:-0.98438	2:0.99963	3:-0.94531	4:-0.89062	5:-0.06667	6:-0.37778	7:-1.0	8:0.09049	9:-0.575	10:-0.575	11:-0.12055	12:-0.15	13:-0.05	14:-0.3	15:-0.28333	16:-0.28333	17:-0.87	18:-0.6	19:-0.26667	20:-0.9604	21:0.09406	22:-1.0	23:-0.6	24:-1.0	25:-1.0	26:-0.95
-1	1:-0.94141	2:0.99843	3:-0.87891	4:-0.86523	5:-0.31111	6:-0.80833	7:1.0	8:1.0	9:-0.375	10:-0.375	11:1.0	12:0.08889	13:-0.04889	14:-0.70889	15:-0.60667	16:-0.59556	17:-0.93222	18:-0.69333	19:-0.78	20:-0.45875	21:-0.15644	22:-0.6	23:-0.8	24:-1.0	25:-1.0	26:-0.63
-1	1:-0.84766	2:-0.99945	3:-0.02344	4:-0.81641	5:-0.21852	6:0.04444	7:0.18621	8:0.04948	9:-0.55139	10:-0.275	11:-1.0	12:-0.20171	13:-0.05726	14:-0.19829	15:-0.14872	16:-0.19915	17:-0.5036	18:-0.94889	19:-0.68	20:-0.09846	21:-0.93501	22:-1.0	23:-1.0	24:-1.0	25:-1.0	26:-0.99
1	1:-0.91406	2:1.0	3:-1.0	4:-0.02344	5:-1.0	6:0.10152	7:-1.0	8:0.25484	9:-1.0	10:-0.07727	11:1.0	12:0.05303	13:-0.01061	14:0.10152	15:0.0197	16:0.00758	17:-0.98969	18:-1.0	19:-0.93636	20:-1.0	21:-0.28713	22:-1.0	23:-0.8	24:-1.0	25:-1.0	26:-0.63
1	1:-0.875	2:1.0	3:-0.02344	4:-0.11719	5:0.04314	6:0.00444	7:0.99444	8:0.50683	9:0.27206	10:0.18333	11:1.0	12:0.09896	13:-0.02604	14:0.025	15:0.01354	16:0.01771	17:-0.98755	18:-0.96941	19:-0.90133	20:-0.02621	21:-0.63552	22:-1.0	23:-1.0	24:-1.0	25:-1.0	26:-0.96
-1	1:-0.90625	2:-1.0	3:-0.02344	4:-1.0	5:0.14583	6:-1.0	7:0.47243	8:-1.0	9:0.27396	10:-1.0	11:-1.0	12:0.07361	13:0.09444	14:0.14583	15:0.11806	16:0.13611	17:-0.9416	18:-0.955	19:-1.0	20:0.37954	21:-1.0	22:-0.6	23:-0.8	24:-1.0	25:-1.0	26:-0.73
-1	1:-0.98047	2:0.99843	3:-0.82422	4:-0.85938	6:0.2	7:1.0	8:-1.0	9:0.24167	10:-0.275	11:-0.66696	12:0.02667	13:-0.02667	14:0.08	15:-0.07333	16:0.16	17:-0.71	18:-0.92	19:-0.82	20:0.06271	21:-0.92079	22:-1.0	23:-0.6	24:-1.0	25:-1.0	26:-0.8
1	1:-0.9375	2:1.0	3:-0.56445	4:-0.59766	5:-0.07083	6:-0.14167	7:1.0	8:-0.66605	9:0.30625	10:-0.08125	11:0.6347	12:-0.00833	13:-0.0125	14:-0.10625	15:-0.04375	16:-0.00625	17:-0.99868	18:-0.99	19:-0.91	20:0.09158	21:-0.33787	22:-1.0	23:-0.8	24:-1.0	25:-1.0	26:-0.69
1	1:-0.98047	2:1.0	3:-1.0	4:-0.68359	5:-1.0	6:0.08	7:-1.0	8:1.0	9:-1.0	10:-0.415	11:1.0	12:-0.20667	13:0.04	14:0.08	15:-0.19333	16:-0.11333	17:-0.9875	18:-1.0	19:-0.816	20:-1.0	21:-0.36238	22:-1.0	23:-1.0	24:-1.0	25:-1.0	26:-0.63
-1	1:-0.98438	2:1.0	3:-0.92188	4:-0.8457	5:0.33333	6:-0.12222	7:-1.0	8:1.0	9:0.5	10:-0.59167	11:-0.12055	12:-0.11667	13:0.08333	14:-0.00833	15:0.025	16:-0.01667	17:-0.90889	18:-1.0	19:-0.89333	20:-0.38614	21:-0.16832	22:-1.0	23:-1.0	24:-1.0	25:-0.8	26:-0.93
1	1:-0.96875	2:1.0	3:-0.76953	4:-0.64648	5:0.31111	6:0.20667	7:-0.22982	8:1.0	9:-0.01667	10:0.345	11:0.25719	12:0.12083	13:0.15833	14:0.24583	15:0.20833	16:0.25833	17:-0.96972	18:-1.0	19:-0.952	20:-0.25413	21:-0.48267	22:-1.0	23:-0.6	24:-1.0	25:-1.0	26:-0.85
1	1:-0.77344	2:1.0	3:-0.02344	4:-0.02344	5:0.19048	6:0.13333	7:0.53228	8:0.0391	9:0.19	10:0.08478	11:1.0	12:0.07414	13:0.17299	14:0.16782	15:0.11839	16:0.0954	17:-0.99882	18:-0.97143	19:-0.89217	20:-0.05629	21:-0.71151	22:-0.8	23:-0.8	24:-1.0	25:-1.0	26:-1.0
-1	1:-0.98438	2:0.92387	3:-0.86523	4:-0.93164	5:0.15	6:-0.41667	7:0.89062	8:1.0	9:0.5	10:0.5	11:-0.56669	12:-0.11667	13:-0.2	14:-0.13333	15:-0.06667	16:-0.00833	17:-0.98	18:-0.96	19:-0.94	20:0.14851	21:-0.47525	22:-1.0	23:-0.6	24:-1.0	25:-1.0	26:-0.97
-1	1:-0.98828	2:0.92387	3:-0.8418	4:-0.92969	5:0.35	6:0.2	7:-0.96484	8:-1.0	9:0.5	10:0.5	11:-0.81322	12:0.24444	13:0.24444	14:0.3	15:0.3	16:0.33333	17:-0.99889	18:-1.0	19:-0.96	20:-0.76238	21:-0.64356	22:-0.6	23:-0.6	24:-1.0	25:-1.0	26:-0.95
1	1:-0.62109	2:1.0	3:-0.02344	4:-0.02344	5:0.12716	6:0.15504	7:0.03467	8:0.95341	9:0.39491	10:0.2657	11:1.0	12:0.12646	13:0.06426	14:0.13952	15:0.0677	16:0.07423	17:-0.99435	18:-0.98296	19:-0.9414	20:-0.19105	21:-0.55558	22:-0.8	23:-1.0	24:-1.0	25:-1.0	26:-0.95
-1	1:-0.99219	2:-0.32226	3:-0.92578	4:-1.0	5:-0.36667	6:-1.0	7:-0.4375	8:-1.0	9:0.5	10:-1.0	11:-0.94618	12:-0.33333	13:-0.35	14:-0.36667	15:-0.33333	16:-0.36667	17:-0.98	18:-0.96	19:-1.0	20:-0.56436	21:-1.0	22:-1.0	23:-1.0	24:-1.0	25:-1.0	26:-0.97
1	1:-0.81641	2:1.0	3:-1.0	4:-0.02344	5:-1.0	6:0.01348	7:-1.0	8:0.22016	9:-1.0	10:0.17021	11:1.0	12:0.14965	13:-0.02837	14:0.01348	15:0.05674	16:0.14752	17:-0.98929	18:-1.0	19:-0.93447	20:-1.0	21:0.08658	22:-1.0	23:-1.0	24:-1.0	25:-1.0	26:-0.93
1	1:-0.78906	2:1.0	3:-0.02344	4:-0.02344	5:-0.00762	6:0.14561	7:0.613	8:0.10508	9:0.27857	10:0.11711	11:1.0	12:-0.02963	13:-0.00185	14:0.0463	15:0.01975	16:0.12284	17:-0.93484	18:-0.95543	19:-0.91579	20:-0.23338	21:-0.78658	22:-1.0	23:-1.0	24:-1.0	25:-1.0	26:-0.88
-1	1:-0.96875	2:0.98766	3:-0.625	4:-0.89062	5:0.06667	6:-0.06667	7:-0.08932	8:-0.97559	9:-0.24167	10:-0.275	11:-0.8898	12:-0.20833	13:0.01667	14:0.03333	15:-0.00833	17:-0.74	18:-0.92667	19:-0.84	20:-0.30033	21:-0.68564	22:-1.0	23:-1.0	24:-0.2	25:-0.2	26:-0.68
1	1:-0.97656	2:1.0	3:-1.0	4:-0.55859	5:-1.0	6:0.25556	7:-1.0	8:-0.34245	9:-1.0	10:0.1125	11:1.0	12:0.23333	13:0.1	14:0.25556	15:0.31111	16:0.26667	17:-0.98889	18:-1.0	19:-0.93333	20:-1.0	21:-0.49835	22:-1.0	23:-1.0	24:-1.0	25:-1.0	26:-0.93
-1	1:-0.99219	2:-0.59665	3:-0.84961	4:-1.0	5:0.28333	6:-1.0	7:-0.78027	8:-1.0	9:0.5	10:-1.0	11:-0.94618	12:0.28333	13:0.23333	14:0.28333	15:0.23333	16:0.3	17:-0.98	18:-0.98	19:-1.0	20:-0.09901	21:-1.0	22:-0.8	23:-1.0	24:-1.0	25:-1.0	26:-0.99
1	1:-0.8125	2:1.0	3:-0.02344	4:-0.02344	5:-0.0303	6:0.09103	7:0.28637	8:0.32823	9:-0.07727	10:-0.03654	11:1.0	12:0.12361	13:0.12708	14:0.03542	15:-0.01111	16:0.14306	17:-0.9973	18:-0.94909	19:-0.92	20:-0.0027	21:-0.46535	22:-0.8	23:-1.0	24:-1.0	25:-1.0	26:-0.95
-1	1:-0.99219	2:-0.32226	3:-0.93945	4:-0.99609	5:0.03333	6:-0.93333	7:-1.0	8:-1.0	9:-0.275	10:0.5	11:-0.72843	12:-0.1	13:-0.11667	14:-0.45	15:-0.35	16:-0.4	17:-0.91	18:-1.0	19:-0.92	20:-0.24752	21:-1.0	22:-0.4	23:-1.0	24:-1.0	25:-1.0	26:-0.82
1	1:-0.47656	2:1.0	3:-1.0	4:-0.02344	5:-1.0	6:0.22289	7:-1.0	8:0.70773	9:-1.0	10:0.29907	11:1.0	12:0.17363	13:0.12065	14:0.22289	15:0.24627	16:0.2	17:-0.98922	18:-1.0	19:-0.94507	20:-1.0	21:0.0399	22:-1.0	23:-0.8	24:-1.0	25:-1.0	26:-0.98
1	1:-0.58984	2:1.0	3:-0.02344	4:-0.02344	5:0.03103	6:0.02057	7:0.65085	8:0.58261	9:0.25431	10:0.14734	11:1.0	12:-0.07746	13:-0.05873	14:0.02635	15:0.04603	16:0.0273	17:-0.98343	18:-0.95241	19:-0.91319	20:0.07921	21:-0.5174	22:-1.0	23:-1.0	24:-1.0	25:-1.0	26:-0.79
1	1:-0.96094	2:1.0	3:-0.67969	4:-0.76367	5:-0.08889	6:0.00833	7:-0.45417	8:-0.09831	9:0.0625	10:-0.08125	11:-0.4072	12:-0.01333	13:-0.07667	14:-0.05	15:-0.00667	16:0.04667	17:-0.98	18:-0.90667	19:-0.91	20:-0.68977	21:-0.64752	22:-1.0	23:-1.0	24:-1.0	25:-0.8	26:-0.89
1	1:-0.81641	2:1.0	3:-1.0	4:-0.02344	5:-1.0	6:0.13333	7:-1.0	8:0.28258	9:-1.0	10:0.26915	11:1.0	12:0.11489	13:0.06099	14:0.13333	15:0.03546	16:0.00709	17:-0.9741	18:-1.0	19:-0.92936	20:-1.0	21:0.08658	22:-1.0	23:-1.0	24:-0.8	25:-0.8	26:-0.93
1	1:-0.96875	2:1.0	3:-1.0	4:-0.49609	5:-1.0	6:0.075	7:-1.0	8:0.50167	9:-1.0	10:0.30625	11:1.0	12:0.04583	13:0.15417	14:0.075	15:0.11667	16:0.13333	17:-0.98	18:-1.0	19:-0.92	20:-1.0	21:-0.40594	22:-1.0	23:-1.0	24:-1.0	25:-1.0	26:-0.95
1	1:-0.92578	2:1.0	3:-0.46094	4:-0.44727	5:-0.16364	6:0.17917	7:-0.25217	8:1.0	9:0.14773	10:0.40312	11:0.2823	12:0.20702	13:0.15614	14:-0.0193	15:0.18772	16:0.2614	17:-0.99484	18:-0.99636	19:-0.935	20:0.0315	21:-0.5383	22:-1.0	23:-0.8	24:-1.0	25:-1.0	26:-0.91
1	1:-0.90234	2:1.0	3:-0.14453	4:-0.12109	5:0.21667	6:0.15385	7:0.5103	8:1.0	9:0.21667	10:0.38077	11:1.0	12:0.26267	13:0.14533	14:0.184	15:0.22	16:0.18533	17:-0.99988	18:-0.97	19:-0.94154	20:0.36634	21:-0.38614	22:-1.0	23:-1.0	24:-1.0	25:-1.0	26:-0.75
-1	1:-0.98828	2:0.99963	3:-0.91797	4:-0.87109	5:0.4	6:0.1	7:-1.0	8:1.0	9:0.5	10:0.5	11:-0.44576	12:0.18889	13:0.16667	14:0.2	15:0.2	16:-0.07778	17:-0.99	18:-1.0	19:-0.94	20:-0.36634	21:-0.46535	22:-1.0	23:-1.0	24:-1.0	25:-1.0	26:-0.75
-1	1:-0.97266	2:0.99378	3:-0.70703	4:-0.85938	6:0.2	7:1.0	8:-0.71777	9:-0.365	10:-0.275	11:-0.83142	12:-0.00476	13:0.07619	14:0.05714	15:0.10952	16:0.16667	17:-0.96222	18:-0.856	19:-0.92	20:-0.09307	21:-0.93494	22:-1.0	23:-1.0	24:-1.0	25:-1.0	26:-0.48
1	1:-0.87891	2:1.0	3:-0.02344	4:-0.02344	5:0.07083	6:0.17111	7:0.69895	8:0.3365	9:0.20938	10:0.17	11:1.0	12:0.07742	13:0.1172	14:0.11935	15:0.14301	16:0.03333	17:-0.89438	18:-0.96	19:-0.90133	20:0.07797	21:-0.36761	22:-1.0	23:-0.8	24:-1.0	25:-1.0	26:-0.99
1	1:-0.54297	2:1.0	3:-1.0	4:-0.02344	5:-1.0	6:0.01453	7:-1.0	8:0.52248	9:-1.0	10:0.23675	11:1.0	12:0.08604	13:0.10684	14:0.01453	15:0.08889	16:0.08946	17:-0.98999	18:-1.0	19:-0.93915	20:-1.0	21:-0.09808	22:-1.0	23:-0.8	24:-1.0	25:-1.0	26:-0.87
1	1:-0.91797	2:1.0	3:-0.29102	4:-0.41016	5:0.00833	6:0.11852	7:0.44638	8:-0.18956	9:0.15208	10:0.00556	11:0.48642	12:0.2619	13:0.2254	14:0.05556	15:0.06984	16:0.25714	17:-0.99543	18:-0.95667	19:-0.92444	20:-0.32673	21:-0.78124	22:-0.6	23:-1.0	24:-1.0	25:-1.0	26:-0.97
1	1:-0.87109	2:1.0	3:-1.0	4:-0.02344	5:-1.0	6:0.08586	7:-1.0	8:0.63745	9:-1.0	10:0.35	11:1.0	12:0.21111	13:0.27172	14:0.08586	15:0.12222	16:0.07576	17:-0.98998	18:-1.0	19:-0.93212	20:-1.0	21:0.14371	22:-0.8	23:-1.0	24:-1.0	25:-1.0	26:-0.95
1	1:-0.95312	2:1.0	3:-0.65234	4:-0.56445	5:-0.01111	6:0.23889	7:0.61126	8:1.0	9:0.1125	10:0.24167	11:0.22642	12:0.17222	13:0.2	14:0.11389	15:0.10278	16:0.07778	17:-0.99849	18:-0.97333	19:-0.94667	20:-0.19142	21:-0.40759	22:-0.8	23:-1.0	24:-1.0	25:-1.0	26:-0.93
-1	1:-0.98828	2:0.99963	3:-0.92188	4:-0.9082	5:0.33333	6:-0.21667	7:-1.0	8:0.72266	9:0.5	10:0.5	11:-0.44576	12:0.17778	13:0.17778	14:-0.03333	15:0.22222	16:0.21111	17:-0.99	18:-1.0	19:-0.92	20:-0.88119	21:-0.60396	22:-1.0	23:-1.0	24:-0.8	25:-1.0	26:-0.91
1	1:-0.92969	2:1.0	3:-0.48633	4:-0.2832	5:0.09583	6:0.22333	7:0.06529	8:0.39342	9:0.01562	10:0.005	11:1.0	12:0.14259	13:0.1537	14:0.16667	15:0.0963	16:0.16852	17:-0.99284	18:-0.99	19:-0.928	20:-0.31683	21:-0.56986	22:-1.0	23:-1.0	24:-1.0	25:-1.0	26:-0.95
-1	1:-0.98828	2:0.96244	3:-0.93945	4:-0.92383	5:0.03333	6:-0.35	7:-1.0	8:1.0	9:-0.275	10:0.5	11:-0.44576	12:-0.34444	13:-0.12222	14:-0.22222	15:-0.3	16:-0.25556	17:-0.99	18:-1.0	19:-0.94	20:-0.54455	21:-0.26073	22:-1.0	23:-1.0	24:-1.0	25:-1.0	26:-0.8
-1	1:-0.99219	2:-0.32226	3:-0.91992	4:-1.0	5:-0.31667	6:-1.0	7:0.06348	8:-1.0	9:0.1125	10:-1.0	11:-0.94618	12:-0.25	13:-0.35	14:-0.31667	15:-0.31667	16:-0.03333	17:-0.98	18:-0.92	19:-1.0	20:0.63366	21:-1.0	22:-1.0	23:-1.0	24:-1.0	25:-1.0	26:-0.88
1	1:-0.91016	2:1.0	3:-0.20312	4:-0.28516	5:0.13333	6:0.10909	7:0.85174	8:0.25518	9:0.30625	10:0.14773	11:1.0	12:0.18986	13:0.11159	14:0.12174	15:0.04058	16:0.16812	17:-0.9924	18:-0.93333	19:-0.92	20:0.17822	21:-0.35945	22:-1.0	23:-1.0	24:-1.0	25:-1.0	26:-0.78
1	1:-0.97266	2:1.0	3:-0.87695	4:-0.72266	5:0.05	6:-0.05333	7:1.0	8:1.0	9:0.1125	10:-0.025	11:0.37695	12:-0.07619	13:-0.10476	14:-0.02381	15:-0.18571	16:-0.11429	17:-0.99849	18:-0.96	19:-0.848	20:-0.50495	21:-0.37482	22:-1.0	23:-1.0	24:-1.0	25:-1.0	26:-0.82
1	1:-0.73828	2:1.0	3:-1.0	4:-0.02344	5:-1.0	6:0.01343	7:-1.0	8:0.69659	9:-1.0	10:0.10187	11:1.0	12:0.04677	13:-0.03731	14:0.01343	15:-0.08756	16:0.00547	17:-0.97603	18:-1.0	19:-0.89612	20:-1.0	21:0.06694	22:-1.0	23:-1.0	24:-1.0	25:-1.0	26:-0.89
1	1:-0.78125	2:1.0	3:-0.02344	4:-0.02344	5:-0.02262	6:-0.12976	7:0.36627	8:0.77781	9:0.10179	10:-0.08214	11:1.0	12:-0.17381	13:-0.18333	14:-0.07619	15:-0.04762	16:-0.12202	17:-0.96391	18:-0.92429	19:-0.87857	20:0.09406	21:-0.48868	22:-1.0	23:-0.8	24:-1.0	25:-1.0	26:-0.79
1	1:-0.97266	2:1.0	3:-0.85742	4:-0.64453	5:0.21667	6:0.21333	7:-0.75	8:-0.02598	9:0.5	10:0.035	11:0.37695	12:0.29524	13:0.16667	14:0.21429	15:0.17619	16:0.15714	17:-0.83	18:-0.88	19:-0.912	20:0.80198	21:0.09194	23:0.6	24:-1.0	25:-1.0	26:0.15
1	1:-0.62109	2:1.0	3:-0.02344	4:-0.02344	5:0.07641	6:0.11979	7:0.26098	8:0.60556	9:0.22577	10:0.18516	11:1.0	12:0.19072	13:0.03333	14:0.09072	15:0.05773	16:0.03952	17:-0.99753	18:-0.96431	19:-0.9425	20:0.14029	21:-0.61539	22:-1.0	23:-1.0	24:-1.0	25:-1.0	26:-0.75
1	1:-0.95312	2:1.0	3:-1.0	4:-0.25391	5:-1.0	6:0.06111	7:-1.0	8:0.14305	9:-1.0	10:0.04792	11:1.0	12:0.16667	13:0.17222	14:0.06111	15:0.08333	16:0.01389	17:-0.96222	18:-1.0	19:-0.89333	20:-1.0	21:0.38284	22:-0.4	23:-0.8	24:-1.0	25:-1.0	26:-0.14
1	1:-0.98438	2:1.0	3:-1.0	4:-0.76172	5:-1.0	6:0.01667	7:-1.0	8:0.79297	9:-1.0	10:-0.15625	11:0.84665	12:-0.01667	13:-0.21667	14:0.01667	15:-0.04167	16:0.225	17:-0.99	18:-1.0	19:-0.91	20:-1.0	21:0.08911	22:-1.0	24:-1.0	25:-1.0	26:-0.51
-1	1:-0.97266	2:0.99687	3:-0.74805	4:-0.88281	5:-0.14	7:0.92676	8:0.33691	9:0.5	10:0.25	11:-0.83142	12:-0.15714	13:-0.00952	14:-0.1	15:-0.05238	16:-0.09524	17:-0.9875	18:-0.952	19:-0.88	20:-0.24752	21:-0.54455	22:-1.0	23:-1.0	24:-1.0	25:-1.0	26:-0.75
-1	1:-0.98828	2:-0.59665	3:-0.84766	4:-1.0	5:-0.13333	6:-1.0	7:1.0	8:-1.0	9:0.24167	10:-1.0	11:-0.96835	12:-0.06667	13:-0.08889	14:-0.13333	15:-0.13333	16:-0.05556	17:-0.95	18:-0.96	19:-1.0	20:-0.09571	21:-1.0	22:-1.0	23:-1.0	24:-1.0	25:-1.0	26:-0.93
1	1:-0.65234	2:1.0	3:-1.0	4:-0.02344	5:-1.0	6:0.07079	7:-1.0	8:0.44886	9:-1.0	10:0.12219	11:1.0	12:-0.03783	13:0.1191	14:0.07079	15:0.10262	16:0.13146	17:-0.98999	18:-1.0	19:-0.9182	20:-1.0	21:-0.03638	22:-1.0	23:-1.0	24:-1.0	25:-1.0	26:-0.79
1	1:-0.97656	2:0.99998	3:-0.79102	4:-0.81641	5:0.18889	6:0.04444	7:-0.7832	8:-0.28906	9:0.5	10:-0.01667	11:-0.37788	12:0.06111	13:0.16667	14:0.11667	15:0.1	16:0.1	17:-0.99639	18:-0.96	19:-0.94667	20:0.76238	21:-0.19802	22:-1.0	23:-1.0	24:-1.0	25:-1.0	26:-0.78
-1	1:-0.96484	2:-0.9919	3:-0.40234	4:-1.0	5:0.13333	6:-1.0	7:0.479	8:-1.0	9:-0.30833	10:-1.0	11:-0.99899	12:-0.02963	13:-0.04444	14:0.13333	15:0.08519	16:0.08519	17:-0.9898	18:-0.90667	19:-1.0	20:-0.27393	21:-1.0	22:-1.0	23:-0.8	24:-0.8	25:-1.0	26:-0.45
1	1:-0.97266	2:1.0	3:-0.86523	4:-0.74414	5:-0.23333	6:0.09167	7:1.0	8:0.3138	9:0.24167	10:0.1125	11:-0.06324	12:-0.00952	13:0.08571	14:-0.04762	15:0.09048	16:0.05714	17:-0.9875	18:-1.0	19:-0.9	20:0.31353	21:-0.46818	22:-1.0	23:-0.8	24:-1.0	25:-1.0	26:-0.83
1	1:-0.67969	2:1.0	3:-0.02344	4:-0.02344	5:-0.21333	6:0.00714	7:0.61192	8:0.30746	9:0.15125	10:0.15119	11:1.0	12:0.08049	13:-0.07114	14:-0.10041	15:-0.00569	16:0.0565	17:-0.98852	18:-0.975	19:-0.93333	20:0.22624	21:-0.41777	22:-1.0	23:-1.0	24:-1.0	25:-1.0	26:-0.9
-1	1:-0.97266	2:0.99687	3:-0.74219	4:-0.91406	5:-0.12	6:-0.26667	7:1.0	8:-0.9375	9:0.19	10:0.1125	11:-0.83142	12:-0.10476	13:-0.0381	14:-0.1619	15:-0.11429	16:-0.02381	17:-0.97111	18:-0.952	19:-0.66	20:-0.27129	21:-0.91513	22:0.8	23:-0.4	24:-1.0	25:-1.0	26:0.0
-1	1:-0.98047	2:0.72887	3:-0.71289	4:-0.92773	5:0.225	6:0.23333	7:-0.75472	8:-1.0	9:0.01875	10:0.5	11:-0.92209	12:0.3	13:0.09333	14:0.22667	15:0.16667	16:0.36	17:-0.99	18:-0.97	19:-0.96	20:-0.11386	21:-0.68317	22:-1.0	23:-1.0	24:-1.0	25:-1.0	26:-0.88
1	1:-0.97656	2:0.99998	3:-0.80859	4:-0.74023	5:0.08889	6:0.47778	7:1.0	8:-0.92383	9:0.5	10:0.5	11:-0.37788	12:0.06667	13:0.29444	14:0.28333	15:0.34444	16:0.36667	17:-0.9575	18:-0.97333	19:-0.94667	20:0.10231	21:-0.85149	22:-1.0	23:-0.8	24:-1.0	25:-1.0	26:-0.97
1	1:-0.83594	2:1.0	3:-0.04492	4:-0.02344	5:-0.185	6:0.04091	7:1.0	8:0.16963	9:0.17125	10:0.0625	11:1.0	12:-0.10397	13:0.0254	14:-0.06667	15:-0.05159	16:0.12381	17:-0.99331	18:-0.95	19:-0.88909	20:-0.15446	21:-0.54597	22:-1.0	23:-1.0	24:-1.0	25:-1.0	26:-0.95
-1	1:-0.99219	2:-0.32226	3:-0.92969	4:-0.99609	5:0.2	6:-0.93333	7:-1.0	8:-1.0	9:0.5	10:0.5	11:-0.72843	12:-0.35	13:-0.31667	14:-0.36667	15:-0.38333	16:-0.26667	17:-0.91	18:-1.0	19:-0.88	20:-0.06931	21:-0.9703	22:-1.0	23:-1.0	24:-1.0	25:-1.0	26:-0.99
1	1:-0.89453	2:1.0	3:-0.32422	4:-0.02344	5:0.04848	6:0.05208	7:0.91243	8:0.67115	9:0.325	10:0.40312	11:1.0	12:-0.02593	13:0.01852	14:0.05062	15:0.00741	16:-0.02099	17:-0.98148	18:-0.96	19:-0.9475	20:-0.13231	21:-0.55189	22:-0.6	23:-0.8	24:-1.0	25:-1.0	26:-0.97
1	1:-0.90625	2:1.0	3:-1.0	4:-0.02344	5:-1.0	6:0.08889	7:-1.0	8:0.37868	9:-1.0	10:0.29375	11:1.0	12:0.11806	13:0.22083	14:0.08889	15:0.11944	16:0.18056	17:-0.97222	18:-1.0	19:-0.92833	20:-1.0	21:0.11551	22:-1.0	23:-1.0	24:-1.0	25:-1.0	26:-0.95
1	1:-0.91406	2:1.0	3:-1.0	4:-0.02344	5:-1.0	6:0.13182	7:-1.0	8:0.43553	9:-1.0	10:0.21818	11:1.0	12:0.08788	13:0.13182	14:0.13182	15:-0.05	16:-0.02121	17:-0.9714	18:-1.0	19:-0.91818	20:-1.0	21:0.13501	22:-0.4	23:-0.8	24:-1.0	25:-1.0	26:-0.87
1	1:-0.94531	2:1.0	3:-0.43555	4:-0.67773	5:0.07037	6:0.1	7:0.17046	8:-0.31777	9:-0.01667	10:0.035	11:-0.43627	12:0.19524	13:-0.00714	14:0.08095	15:0.09524	16:-0.04048	17:-0.83556	18:-0.93333	19:-0.904	20:0.35534	21:-0.45262	22:-1.0	23:-1.0	24:-0.8	25:-1.0	26:-0.99
1	1:-0.69922	2:1.0	3:-0.02344	4:-0.02344	5:0.11795	6:-0.08246	7:0.28504	8:0.49669	9:0.22179	10:0.125	11:1.0	12:0.02078	13:-0.03463	14:0.01905	15:-0.04502	16:0.02468	17:-0.99786	18:-0.95692	19:-0.93263	20:0.03986	21:-0.55458	22:-1.0	23:-1.0	24:-1.0	25:-1.0	26:-0.93
-1	1:-0.96484	2:-0.99592	3:-0.27148	4:-1.0	5:0.38148	6:-1.0	7:0.00689	8:-1.0	9:0.32778	10:-1.0	11:-0.99899	12:0.16667	13:0.2	14:0.38148	15:0.14815	16:0.26667	17:-0.98691	18:-0.98667	19:-1.0	20:0.07811	21:-1.0	22:-1.0	23:-0.4	24:-1.0	25:-1.0	26:-0.96
-1	1:-0.72266	2:-1.0	3:-0.02344	4:-1.0	5:0.06009	6:-1.0	7:0.17516	8:-1.0	9:0.40176	10:-1.0	11:-1.0	12:0.0108	13:0.16244	14:0.06009	15:0.20282	16:0.07042	17:-0.98899	18:-0.97634	19:-1.0	20:-0.11839	21:-1.0	22:-1.0	23:-1.0	24:-1.0	25:-1.0	26:-0.99
1	1:-0.97656	2:1.0	3:-1.0	4:-0.63672	5:-1.0	6:0.03333	7:-1.0	8:-0.6862	9:-1.0	10:-0.11667	11:1.0	12:0.25	13:0.19444	14:0.03333	15:0.11667	16:0.13333	17:-0.9896	18:-1.0	19:-0.88	20:-1.0	21:0.25413	22:-0.4	23:-1.0	24:-1.0	25:-1.0	26:-0.81
1	1:-0.98828	2:1.0	3:-1.0	4:-0.81641	5:-1.0	6:0.04444	7:-1.0	8:0.19987	9:-1.0	10:-0.275	11:0.39994	12:0.24444	13:0.2	14:0.04444	15:-0.07778	16:0.14444	17:-0.98889	18:-1.0	19:-0.92	20:-1.0	21:0.30033	22:-0.8	23:-1.0	24:-1.0	25:-0.8	26:-0.81
1	1:-0.97266	2:1.0	3:-1.0	4:-0.55078	5:-1.0	6:0.09524	7:-1.0	8:-0.18852	9:-1.0	10:0.05714	11:1.0	12:0.29048	13:0.07619	14:0.09524	15:0.28571	16:0.12381	17:-0.9675	18:-1.0	19:-0.88	20:-1.0	21:0.3041	22:-1.0	23:-1.0	24:-0.8	25:-1.0	26:-0.97
-1	1:-0.91797	2:-1.0	3:-0.02344	4:-1.0	5:0.22063	6:-1.0	7:0.11061	8:-1.0	9:0.24167	10:-1.0	11:-1.0	12:0.14921	13:0.12381	14:0.22063	15:0.2746	16:0.36508	17:-0.9871	18:-0.95238	19:-1.0	20:0.08251	21:-1.0	22:-0.6	23:-0.8	24:-1.0	25:-1.0	26:-0.93
1	1:-0.85938	2:1.0	3:-1.0	4:-0.02344	5:-1.0	6:0.24259	7:-1.0	8:0.58575	9:-1.0	10:0.26319	11:1.0	12:0.15556	13:0.13611	14:0.24259	15:0.08611	16:0.07222	17:-0.98609	18:-1.0	19:-0.92889	20:-1.0	21:-0.13641	22:-0.4	23:-0.8	24:-1.0	25:-1.0	26:-0.96
1	1:-0.78516	2:1.0	3:-0.02344	4:-0.06055	5:-0.0225	6:0.06889	7:0.60827	8:0.35887	9:0.05375	10:-0.27	11:-0.78859	12:-0.00848	13:0.09758	14:0.00242	15:0.07273	16:0.06242	17:-0.99992	18:-0.972	19:-0.936	20:-0.29257	21:-0.7937	22:-1.0	23:-0.8	24:-1.0	25:-1.0	26:-0.9
1	1:-0.82031	2:1.0	3:-0.02344	4:-0.02344	5:0.2058	6:0.28696	7:0.78193	8:0.66365	9:0.43261	10:0.29783	11:1.0	12:0.14275	13:0.08623	14:0.24638	15:0.25145	16:0.22899	17:-0.99624	18:-0.98609	19:-0.93565	20:-0.19673	21:-0.61214	22:-1.0	23:-1.0	24:-1.0	25:-1.0	26:-0.99
-1	1:-0.98047	2:0.99843	3:-0.79688	4:-0.86914	5:0.15556	6:0.11667	7:-0.28906	8:1.0	9:-0.275	10:0.5	11:-0.66696	12:0.12667	13:0.08667	14:0.14	15:0.09333	16:0.1	17:-0.98889	18:-0.94667	19:-0.94	20:0.52475	21:-0.69109	22:-1.0	23:-1.0	24:-1.0	25:-1.0	26:-0.81
1	1:-0.875	2:1.0	3:-0.02344	4:-0.02344	5:0.23111	6:0.08039	7:0.01017	8:0.7085	9:0.39667	10:0.18088	11:1.0	12:0.23333	13:0.27917	14:0.15104	15:0.07708	16:0.21042	17:-0.99834	18:-0.98133	19:-0.93882	20:0.26601	21:-0.37933	22:-0.6	23:-1.0	24:-1.0	25:-1.0	26:-0.81
1	1:-0.79688	2:1.0	3:-0.02344	4:-0.02344	5:0.08851	6:0.01594	7:0.63098	8:0.25164	9:0.33966	10:0.26413	11:1.0	12:0.17885	13:0.09615	14:0.05641	15:0.09808	16:0.09936	17:-0.95931	18:-0.9669	19:-0.91826	20:0.18266	21:-0.51181	22:-0.8	23:-0.2	24:-1.0	25:-1.0	26:-0.75
1	1:-0.99219	2:0.99996	3:-1.0	4:-0.84375	5:-1.0	6:0.33333	7:-1.0	8:-0.12109	9:-1.0	10:0.5	11:-0.03593	12:0.26667	13:0.21667	14:0.33333	15:0.36667	16:0.15	17:-0.98	18:-1.0	19:-0.94	20:-1.0	21:0.40594	22:-1.0	23:-1.0	24:-1.0	25:-1.0	26:-0.95
-1	1:-0.82812	2:-1.0	3:-0.02344	4:-1.0	5:0.17727	6:-1.0	7:0.34637	8:-1.0	9:0.30625	10:-1.0	11:-1.0	12:0.13485	13:0.01818	14:0.17727	15:0.15758	16:0.07955	17:-0.98	18:-0.96455	19:-1.0	20:0.18992	21:-1.0	22:-1.0	23:-1.0	24:-1.0	25:-0.8	26:-0.81
-1	1:-0.91797	2:0.99996	3:-0.43164	4:-0.84961	5:-0.30714	6:-0.63333	7:0.55911	8:-0.71373	9:0.1125	10:-0.24286	11:-0.38322	12:-0.20952	13:-0.16349	14:-0.41587	15:-0.0746	16:-0.16508	17:-0.7944	18:-0.91143	19:-0.75429	20:0.43706	21:-0.58604	22:-0.8	23:-0.6	24:-1.0	25:-1.0	26:-0.73
1	1:-0.98828	2:1.0	3:-1.0	4:-0.77148	5:-1.0	6:0.3	7:-1.0	8:0.40885	9:-1.0	10:0.24167	11:0.39994	12:0.16667	13:0.15556	14:0.3	15:0.18889	16:0.22222	17:-0.9875	18:-1.0	19:-0.96	20:-1.0	21:0.25413	22:-1.0	23:-1.0	24:-1.0	25:-1.0	26:-0.9
1	1:-0.80859	2:1.0	3:-0.02344	4:-0.02344	5:0.24833	6:0.06897	7:1.0	8:0.63937	9:0.22875	10:0.31293	11:1.0	12:0.24966	13:0.22177	14:0.14218	15:0.13878	16:0.09048	17:-0.99904	18:-0.974	19:-0.93931	20:-0.13465	21:-0.54294	22:-0.8	23:-0.8	24:-1.0	25:-1.0	26:-0.96
1	1:-0.85547	2:1.0	3:-1.0	4:-0.02344	5:-1.0	6:0.07748	7:-1.0	8:0.30457	9:-1.0	10:0.26959	11:1.0	12:0.12162	13:0.13063	14:0.07748	15:0.21441	16:0.06306	17:-0.9819	18:-1.0	19:-0.92108	20:-1.0	21:0.24645	22:-0.6	23:-1.0	24:-1.0	25:-1.0	26:-0.87
1	1:-0.96484	2:1.0	3:-1.0	4:-0.49609	5:-1.0	6:-0.04444	7:-1.0	8:1.0	9:-1.0	10:0.16389	11:1.0	12:0.02963	13:0.03333	14:-0.04444	15:-0.19259	16:-0.09259	17:-0.9898	18:-1.0	19:-0.95556	20:-1.0	21:-0.29593	22:-0.8	23:-1.0	24:-1.0	25:-1.0	26:-0.81
1	1:-0.87891	2:1.0	3:-0.2793	4:-0.02344	5:0.11818	6:-0.07167	7:0.80558	8:0.85721	9:0.27727	10:-0.29125	11:1.0	12:0.02258	13:0.07312	14:-0.0043	15:-0.1129	16:-0.13656	17:-0.64321	18:-0.91636	19:-0.866	20:0.31413	21:-0.35548	22:-0.8	23:-1.0	24:-1.0	25:-1.0	26:-0.97
1	1:-0.85547	2:1.0	3:-1.0	4:-0.02344	5:-1.0	6:0.1	7:-1.0	8:0.43668	9:-1.0	10:0.24865	11:1.0	12:0.15766	13:0.16847	14:0.1	15:0.04775	16:0.15766	17:-0.95484	18:-1.0	19:-0.92541	20:-1.0	21:0.17313	22:-0.8	23:-1.0	24:-1.0	25:-1.0	26:-0.97
-1	1:-0.96094	2:0.97558	3:-0.50781	4:-0.88086	5:0.05	6:0.01667	7:0.52759	8:-0.12109	9:0.40312	10:0.1125	11:-0.95911	12:0.01333	13:0.07	14:0.04333	15:0.02	16:-0.11	17:-0.95	18:-0.97	19:-0.94	20:0.40842	21:-0.66733	22:-1.0	23:-1.0	24:-1.0	25:-1.0	26:-0.95
-1	1:-0.98828	2:0.96244	3:-0.91992	4:-0.92383	5:0.36667	6:-0.35	7:-1.0	8:1.0	9:-0.275	10:0.5	11:-0.44576	12:-0.03333	13:-0.25556	14:-0.11111	15:-0.01111	16:0.12222	17:-0.99	18:-0.96	19:-0.94	20:0.0099	21:-0.0363	22:-1.0	23:-1.0	24:-1.0	25:-1.0	26:-0.87
1	1:-0.68359	2:1.0	3:-1.0	4:-0.02344	5:-1.0	6:0.09012	7:-1.0	8:0.51909	9:-1.0	10:0.32407	11:1.0	12:0.05309	13:0.13457	14:0.09012	15:0.0428	16:0.09095	17:-0.98898	18:-1.0	19:-0.93827	20:-1.0	21:-0.04999	22:-1.0	23:-1.0	24:-1.0	25:-1.0	26:-0.93
1	1:-0.78906	2:1.0	3:-0.99609	4:-0.02344	5:-0.93333	6:-0.03082	7:-1.0	8:0.67594	9:-0.275	10:-0.06179	11:1.0	12:0.13642	13:0.1	14:-0.04753	15:-0.04074	16:0.03704	17:-0.9098	18:-0.72	19:-0.91094	20:0.24752	21:-0.07077	22:-0.6	23:-1.0	24:-1.0	25:-1.0	26:-0.99
-1	1:-0.98047	2:0.92387	3:-0.88477	4:-0.92969	5:-0.50833	6:0.2	7:1.0	8:-1.0	9:0.1125	10:0.5	11:-0.92209	12:-0.28667	13:-0.39333	14:-0.36667	15:-0.34	16:-0.11333	17:-0.91	18:-0.9	19:-0.96	20:0.05941	21:-0.73069	22:-1.0	23:-1.0	24:-1.0	25:-1.0	26:-0.79
1	1:-0.55078	2:1.0	3:-0.02344	4:-0.02344	5:0.00117	6:0.21092	7:0.85206	8:0.53482	9:0.28246	10:0.22284	11:1.0	12:0.12203	13:0.0029	14:0.10696	15:0.07594	16:0.1542	17:-0.99943	18:-0.97404	19:-0.93655	20:0.15477	21:-0.40301	22:-1.0	23:-0.8	24:-1.0	25:-1.0	26:-0.95
1	1:-0.94922	2:1.0	3:-0.43945	4:-0.53516	5:0.36667	6:0.32222	7:1.0	8:0.44036	9:0.19643	10:0.24167	11:0.10921	12:0.03333	13:0.23077	14:0.34615	15:0.24615	16:0.35385	17:-0.99889	18:-0.97714	19:-0.95333	20:-0.11174	21:-0.63747	22:-1.0	23:-0.4	24:-1.0	25:-1.0	26:-0.65
-1	1:-0.98438	2:0.99921	3:-0.85742	4:-0.91016	5:0.21667	6:-0.23333	7:-0.85938	8:1.0	9:-0.4375	10:0.1125	11:-0.56669	12:-0.05833	13:-0.09167	14:-0.00833	15:0.14167	16:-0.01667	17:-0.74	18:-0.98	19:-0.92	20:0.58416	21:-0.70792	22:-1.0	23:-1.0	24:-1.0	25:-1.0	26:-0.97
1	1:-0.98828	2:1.0	3:-1.0	4:-0.79102	5:-1.0	6:0.18889	7:-1.0	8:-0.98372	9:-1.0	10:-0.1	11:0.39994	12:0.28889	13:0.18889	14:0.18889	15:-0.01111	16:0.28889	17:-0.95	18:-1.0	19:-0.88	20:-1.0	21:0.63036	22:-1.0	23:-1.0	24:-1.0	25:-1.0	26:-0.91
-1	1:-0.98438	2:0.99963	3:-0.94141	4:-0.90039	6:-0.43333	7:-1.0	8:1.0	9:-0.7	10:-0.20833	11:-0.12055	12:-0.35833	13:-0.425	14:-0.325	15:-0.09167	16:-0.13333	17:-0.99889	18:-1.0	19:-0.89333	20:-0.76238	21:-0.48515	22:-1.0	23:-1.0	24:-1.0	25:-1.0	26:-0.97
1	1:-0.94141	2:1.0	3:-0.99609	4:-0.41992	5:-0.93333	6:-0.29286	7:-1.0	8:0.34548	9:-0.275	10:0.1125	11:1.0	12:-0.2	13:-0.21111	14:-0.33556	15:-0.1	16:-0.05111	17:-0.7944	18:-0.88	19:-0.92	20:0.9802	21:0.09967	22:0.4	23:-0.2	24:-1.0	25:-1.0	26:-0.75
1	1:-0.85547	2:1.0	3:-0.02344	4:-0.02539	5:0.1254	6:0.03958	7:0.70378	8:0.28643	9:0.31548	10:-0.08125	11:1.0	12:0.16937	13:0.16306	14:0.08829	15:0.04414	16:0.2027	17:-0.93293	18:-0.92762	19:-0.895	20:-0.0165	21:-0.5087	22:-0.8	23:-1.0	24:-1.0	25:-1.0	26:-0.67
-1	1:-0.98828	2:-0.59665	3:-0.84375	4:-1.0	5:-0.11111	6:-1.0	7:1.0	8:-1.0	9:0.24167	10:-1.0	11:-0.96835	12:-0.07778	13:-0.2	14:-0.11111	15:-0.12222	16:-0.22222	17:-0.95	18:-0.93333	19:-1.0	20:-0.22112	21:-1.0	22:-1.0	23:-1.0	24:-1.0	25:-1.0	26:-0.91
-1	1:-0.99219	2:0.96244	3:-0.94336	4:-0.93164	5:-0.03333	6:0.16667	7:-1.0	8:-1.0	9:-0.725	10:-0.275	11:-0.72843	12:0.03333	13:0.06667	14:0.06667	15:-0.06667	16:0.05	17:-0.91	18:-0.96	19:-0.68	20:-0.9604	21:-0.91089	22:-1.0	23:-1.0	24:-1.0	25:-1.0	26:-0.55
-1	1:-0.71875	2:-1.0	3:-0.02344	4:-1.0	5:0.01111	6:-1.0	7:0.41108	8:-1.0	9:0.33854	10:-1.0	11:-1.0	12:0.12917	13:0.05324	14:0.01111	15:0.00185	16:0.12731	17:-0.98993	18:-0.97333	19:-1.0	20:-0.19444	21:-1.0	22:-1.0	23:-1.0	24:-1.0	25:-1.0	26:-0.97
-1	1:-0.96875	2:0.98766	3:-0.59961	4:-0.85938	5:0.13889	6:0.2	7:-0.53151	8:-0.99121	9:0.14167	10:-0.275	11:-0.8898	12:0.325	13:0.30833	14:0.15417	15:0.15833	16:0.1375	17:-0.99849	18:-0.98667	19:-0.28	20:-0.53795	21:-0.87376	22:-0.4	23:-0.8	24:-1.0	25:-1.0	26:-0.73
1	1:-0.80469	2:1.0	3:-1.0	4:-0.02344	5:-1.0	6:0.06533	7:-1.0	8:0.35864	9:-1.0	10:0.0485	11:1.0	12:0.20733	13:0.008	14:0.06533	15:0.03733	16:0.132	17:-0.98274	18:-1.0	19:-0.9192	20:-1.0	21:0.21307	22:-1.0	23:-1.0	24:-1.0	25:-1.0	26:-0.93
1	1:-0.78906	2:1.0	3:-0.99609	4:-0.02344	5:-0.93333	6:0.09615	7:-1.0	8:0.53343	9:-0.275	10:0.14231	11:1.0	12:-0.04259	13:0.11543	14:0.05802	15:0.17593	16:0.08025	17:-0.88125	18:-0.88	19:-0.89385	20:0.88119	21:-0.06707	22:-1.0	23:-1.0	24:-1.0	25:-1.0	26:-0.93
1	1:-0.9375	2:1.0	3:-0.68359	4:-0.36328	5:0.08	6:-0.01212	7:1.0	8:0.94027	9:0.345	10:0.21818	11:1.0	12:0.00208	13:0.1875	14:0.01667	15:0.15208	16:0.0875	17:-0.99898	18:-0.992	19:-0.94545	20:-0.29109	21:-0.39728	22:-1.0	23:-1.0	24:-1.0	25:-0.6	26:-0.79
-1	1:-0.87109	2:0.99879	3:-0.02344	4:-0.76953	5:-0.39286	6:-0.21333	7:0.42544	8:1.0	9:0.01875	10:0.035	11:-0.99996	12:-0.33131	13:-0.35455	14:-0.36566	15:-0.24545	16:-0.09697	17:-0.91197	18:-0.89714	19:-0.784	20:0.23267	21:-0.87219	22:-1.0	23:0.8	24:-1.0	25:-1.0	26:-0.4
1	1:-0.92578	2:1.0	3:-0.49609	4:-0.26367	5:0.075	6:0.14242	7:0.08984	8:0.6141	9:0.30625	10:0.21818	11:1.0	12:0.05088	13:0.12456	14:0.11404	15:0.17018	16:0.16667	17:-0.86045	18:-0.97	19:-0.92727	20:0.32673	21:-0.3778	22:-1.0	23:-0.8	24:-1.0	25:-1.0	26:-0.91
-1	1:-0.98828	2:0.92387	3:-0.875	4:-0.93164	5:0.06667	6:0.16667	7:1.0	8:-1.0	9:0.5	10:0.5	11:-0.81322	12:0.27778	13:0.25556	14:0.1	15:0.13333	16:0.13333	17:-0.9	18:-1.0	19:-0.88	20:-0.15842	21:-0.40594	22:-0.6	23:-1.0	24:-1.0	25:-1.0	26:-0.89
1	1:-0.98438	2:1.0	3:-1.0	4:-0.75781	5:-1.0	6:0.03333	7:-1.0	8:-0.28337	9:-1.0	10:-0.08125	11:0.84665	12:0.21667	13:0.21667	14:0.03333	15:0.20833	16:0.025	17:-0.9	18:-1.0	19:-0.86	20:-1.0	21:0.65842	22:-0.8	23:-1.0	24:-1.0	25:-1.0	26:-0.83
1	1:-0.87891	2:1.0	3:-0.29297	4:-0.02344	5:0.00556	6:0.1614	7:0.39896	8:0.55445	9:0.5	10:0.14342	11:1.0	12:0.17634	13:0.07527	14:0.10108	15:0.02258	16:0.13011	17:-0.98331	18:-0.97333	19:-0.92211	20:-0.18647	21:-0.46471	22:-1.0	23:-1.0	24:-0.6	25:-1.0	26:-0.96
1	1:-0.90625	2:1.0	3:-0.28516	4:-0.07031	5:0.01667	6:0.32222	7:0.14256	8:0.43695	9:0.30625	10:0.30625	11:1.0	12:0.05833	13:0.12778	14:0.16944	15:0.2	16:0.08056	17:-0.99975	18:-0.96	19:-0.95	20:-0.16667	21:-0.56848	22:-1.0	23:-1.0	24:-0.8	25:-0.8	26:-0.93
1	1:-0.97266	2:0.99998	3:-0.74219	4:-0.77148	5:0.46667	6:-0.025	7:-0.38997	8:-0.06641	9:0.5	10:0.30625	11:-0.06324	12:-0.00952	13:0.21429	14:0.18571	15:0.22857	16:0.01429	17:-0.99889	18:-1.0	19:-0.94	20:-0.07591	21:-0.29844	22:-1.0	23:-1.0	24:-1.0	25:-1.0	26:-0.95
-1	1:-0.99219	2:-0.32226	3:-0.92578	4:-1.0	5:-0.36667	6:-1.0	7:1.0	8:-1.0	9:0.5	10:-1.0	11:-0.94618	12:-0.33333	13:-0.35	14:-0.36667	15:-0.33333	16:-0.33333	17:-0.98	18:-0.98	19:-1.0	20:0.0297	21:-1.0	22:-1.0	23:-0.8	24:-1.0	25:-1.0	26:-0.93
1	1:-0.96484	2:1.0	3:-1.0	4:-0.49609	5:-1.0	6:-0.04444	7:-1.0	8:1.0	9:-1.0	10:0.06944	11:1.0	12:-0.03704	13:0.02963	14:-0.04444	15:-0.06667	16:0.02963	17:-0.98938	18:-1.0	19:-0.92	20:-1.0	21:0.0121	22:-0.8	23:-1.0	24:-1.0	25:-1.0	26:-0.95
-1	1:-0.97266	2:0.99378	3:-0.71875	4:-0.87109	5:-0.04	6:0.1	7:-0.01797	8:-0.96484	9:-0.335	10:0.1125	11:-0.83142	12:-0.14762	13:0.04762	15:0.09524	16:-0.04286	17:-0.97111	18:-0.904	19:-0.92	20:-0.33861	21:-0.50778	22:-1.0	23:-1.0	24:-0.2	25:-1.0	26:-0.69
1	1:-0.92188	2:1.0	3:-0.49023	4:-0.42383	5:-0.20909	6:0.09259	7:1.0	8:-0.56982	9:-0.17273	10:0.15556	11:0.60392	12:-0.005	13:0.04	14:-0.07333	15:0.01	16:0.00667	17:-0.98202	18:-0.8	19:-0.93778	20:0.06571	21:-0.3198	22:-0.8	23:-0.8	24:-1.0	25:-1.0	26:-0.85
1	1:-0.86328	2:1.0	3:-0.02344	4:-0.02344	6:0.07059	7:0.72353	8:0.28534	9:0.32778	10:0.25441	11:1.0	12:0.22095	13:0.20762	14:0.03429	15:0.03714	16:0.00762	17:-0.99589	18:-0.96	19:-0.92235	20:-0.30143	21:-0.45856	22:-0.8	23:-1.0	24:-1.0	25:-1.0	26:-0.95
-1	1:-0.95312	2:-0.99897	3:-0.17383	4:-1.0	5:0.175	6:-1.0	7:0.81183	8:-1.0	9:0.1125	10:-1.0	11:-0.99983	12:-0.22222	13:0.15833	14:0.175	15:0.17778	16:0.15833	17:-0.9224	18:-0.90667	19:-1.0	20:0.13366	21:-1.0	22:-1.0	23:-0.6	24:-1.0	25:-1.0	26:-0.83
-1	1:-0.98828	2:0.96244	3:-0.92773	4:-0.92383	5:-0.38333	6:0.3	7:1.0	8:-1.0	9:0.1125	10:0.5	11:-0.81322	12:-0.25556	13:-0.16667	14:-0.15556	15:0.3	16:0.12222	17:-0.75	18:-0.8	19:-0.96	20:-0.26733	21:-0.9538	22:-0.8	23:-1.0	24:-1.0	25:-1.0	26:-0.73
1	1:-0.97266	2:0.99997	3:-0.72266	4:-0.77344	5:0.18333	6:0.28889	7:0.68538	8:0.29948	9:0.30625	10:0.24167	11:-0.48844	12:0.22381	13:0.23333	14:0.22857	15:0.1381	16:0.17619	17:-0.15	18:-0.9	19:-0.93333	20:0.42079	21:-0.43423	22:-1.0	23:-1.0	24:-1.0	25:-1.0	26:-0.89
1	1:-0.65625	2:1.0	3:-0.99414	4:-0.02344	5:-0.9	6:-0.12337	7:-1.0	8:0.64219	9:-0.275	10:0.13477	11:1.0	12:0.14621	13:0.10265	14:-0.1322	15:-0.00303	16:0.09205	17:-0.90908	18:-0.88	19:-0.92736	20:-0.20792	21:-0.11386	22:-0.6	23:-0.6	24:-1.0	25:-1.0	26:-0.81
-1	1:-0.99219	2:-0.59665	3:-0.85547	4:-1.0	5:0.23333	6:-1.0	7:0.12891	8:-1.0	9:0.2125	10:-1.0	11:-0.94618	12:0.23333	13:0.26667	14:0.23333	15:0.16667	17:-0.98	18:-0.98	19:-1.0	20:0.14851	21:-1.0	22:-1.0	23:-0.6	24:-1.0	25:-1.0	26:-0.97
-1	1:-0.96875	2:0.99994	3:-0.74414	4:-0.84961	5:-0.12667	6:-0.14444	7:0.08633	8:1.0	9:-0.505	10:-0.49167	11:-0.59397	12:-0.09583	13:-0.00417	14:-0.13333	15:-0.08333	16:-0.02083	17:-0.9596	18:-0.976	19:-0.88	20:0.46931	21:-0.68069	22:-1.0	23:-0.8	24:-1.0	25:-1.0	26:-0.88
1	1:-0.98828	2:1.0	3:-1.0	4:-0.7832	5:-1.0	6:0.23333	7:-1.0	8:-0.42122	9:-1.0	10:0.5	11:0.39994	12:0.37778	13:0.17778	14:0.23333	15:0.17778	16:0.32222	17:-0.9875	18:-1.0	19:-0.93333	20:-1.0	21:0.65677	22:-1.0	23:-1.0	24:-1.0	25:-1.0	26:-0.97
1	1:-0.97266	2:1.0	3:-1.0	4:-0.67188	5:-1.0	6:-0.2	7:-1.0	8:0.13439	9:-1.0	10:0.125	11:1.0	12:-0.27619	13:-0.17143	14:-0.2	15:-0.17619	16:-0.22857	17:-0.9	18:-1.0	19:-0.88571	20:-1.0	21:-0.00707	22:-0.8	23:-1.0	24:-1.0	25:-1.0	26:-0.73
-1	1:-0.94922	2:0.90668	3:-0.34961	4:-0.87891	5:0.00909	6:0.03333	7:0.23846	8:1.0	9:0.00682	10:0.1125	11:-0.99237	12:-0.01795	13:0.01795	14:0.01282	15:0.00513	16:-0.07949	17:-0.97222	18:-0.93091	19:-0.94	20:0.18632	21:-0.82331	22:-0.6	23:-1.0	24:-1.0	25:-1.0	26:-0.85
-1	1:-0.98828	2:0.92387	3:-0.84766	4:-0.93359	5:0.3	6:0.13333	7:-0.75	8:-1.0	9:0.5	10:0.5	11:-0.81322	12:0.18889	13:0.26667	14:0.24444	15:-0.05556	16:-0.24444	17:-0.9	18:-0.96	19:-0.88	20:0.0297	21:-0.50495	22:-0.8	23:-1.0	24:-1.0	25:-1.0	26:-0.93
1	1:-0.80859	2:1.0	3:-0.02344	4:-0.02344	5:0.0913	6:-0.13333	7:0.54338	8:0.76261	9:0.1163	10:0.00096	11:1.0	12:-0.0551	13:0.03537	14:-0.02789	15:-0.16122	16:0.02925	17:-0.97074	18:-0.9287	19:-0.89692	20:0.20534	21:-0.32592	22:-1.0	23:-1.0	24:-1.0	25:-1.0	26:-0.83
1	1:-0.97266	2:0.99997	3:-0.71484	4:-0.75391	5:0.21667	6:0.4	7:-0.48307	8:-0.09701	9:0.30625	10:0.5	11:-0.48844	12:0.3619	13:0.22381	14:0.29524	15:0.11429	16:0.17619	17:-0.95	18:-0.97	19:-0.94667	20:0.64356	21:-0.4512	22:-1.0	23:-1.0	24:-1.0	25:-1.0	26:-0.91
-1	1:-0.97656	2:0.99843	3:-0.7793	4:-0.86133	5:-0.05833	6:0.18333	7:-0.88477	8:0.33691	9:0.1125	10:0.5	11:-0.75634	12:0.01111	13:-0.05	14:0.02222	15:-0.1	16:-0.05556	17:-0.18	18:-0.9	19:-0.94	20:0.33663	21:-0.87129	22:-1.0	23:-1.0	24:-0.8	25:-1.0	26:-0.87
-1	1:-0.98047	2:-0.88011	3:-0.68164	4:-1.0	5:0.08667	6:-1.0	7:1.0	8:-1.0	9:0.19	10:-1.0	11:-0.98969	12:0.2	13:0.20667	14:0.08667	15:0.01333	16:0.20667	17:-0.9875	18:-0.984	19:-1.0	20:-0.21188	21:-1.0	22:-1.0	23:-1.0	24:-1.0	25:-1.0	26:-0.83
1	1:-0.94141	2:1.0	3:-0.57031	4:-0.43359	5:0.22222	6:0.07407	7:1.0	8:-0.39838	9:0.24167	10:0.24167	11:1.0	12:0.04667	13:0.01556	14:0.13333	15:0.11778	16:0.08667	17:-0.93639	18:-0.99333	19:-0.89333	20:-0.14521	21:-0.73333	22:-1.0	23:-0.8	24:-1.0	25:-1.0	26:-0.63
1	1:-0.97266	2:1.0	3:-0.75977	4:-0.72852	5:0.36667	6:0.15833	7:-0.57552	8:-0.01888	9:0.5	10:0.0375	11:-0.06324	12:0.08571	13:0.13333	14:0.24762	15:0.2	16:0.11905	17:-0.90889	18:-0.97333	19:-0.92	20:-0.09571	21:-0.73409	22:-1.0	23:-0.8	24:-1.0	25:-1.0	26:-0.96
1	1:-0.80859	2:1.0	3:-0.02344	4:-0.02344	5:0.04713	6:0.10667	7:0.87013	8:0.87416	9:0.31293	10:0.30625	11:1.0	12:0.01497	13:0.06803	14:0.07143	15:0.08231	16:0.16054	17:-0.99358	18:-0.93931	19:-0.936	20:0.03585	21:-0.51425	22:-0.8	23:-1.0	24:-1.0	25:-1.0	26:-0.96
1	1:-0.80859	2:1.0	3:-0.16797	4:-0.02344	5:-0.40833	6:-0.17733	7:0.93086	8:0.30789	9:-0.00938	10:0.034	11:1.0	12:-0.2585	13:-0.26803	14:-0.29048	15:-0.23673	16:-0.28367	17:-0.94425	18:-0.87833	19:-0.8736	20:0.12046	21:-0.51667	22:-1.0	23:-1.0	24:-0.8	25:-1.0	26:-0.69
1	1:-0.86719	2:1.0	3:-0.02344	4:-0.46484	5:-0.19683	6:-0.29744	7:0.67041	8:1.0	9:0.22738	10:-0.14231	11:0.71587	12:-0.11176	13:-0.13824	14:-0.23529	15:-0.18137	16:-0.11961	17:-0.97652	18:-0.93905	19:-0.85846	20:0.23527	21:-0.57426	22:-0.8	23:-1.0	24:-1.0	25:-1.0	26:-0.91
-1	1:-0.98828	2:0.96244	3:-0.92188	4:-0.92969	5:-0.33333	6:0.2	7:1.0	8:-1.0	9:0.1125	10:0.5	11:-0.81322	12:-0.11111	13:-0.15556	14:-0.15556	15:-0.18889	16:-0.16667	17:-0.99	18:-0.88	19:-0.96	20:0.13861	21:-0.65677	22:-1.0	23:-0.8	24:-1.0	25:-1.0	26:-0.55
-1	1:-0.98828	2:-0.77479	3:-0.78516	4:-1.0	5:0.22222	6:-1.0	7:1.0	8:-1.0	9:-0.01667	10:-1.0	11:-0.96835	12:0.02222	13:0.2	14:0.22222	15:-0.02222	16:-0.17778	17:-0.9875	18:-1.0	19:-1.0	20:0.18812	21:-1.0	22:-1.0	23:-1.0	24:-1.0	25:-1.0	26:-0.81
1	1:-0.98438	2:1.0	3:-1.0	4:-0.77148	5:-1.0	6:-0.025	7:-1.0	8:-0.24349	9:-1.0	10:-0.08125	11:0.84665	12:-0.00833	13:-0.16667	14:-0.025	15:0.125	16:0.125	17:-0.99	18:-1.0	19:-0.92	20:-1.0	21:0.08911	22:-1.0	23:-1.0	24:-1.0	25:-1.0	26:-0.87
1	1:-0.87891	2:1.0	3:-0.02344	4:-0.11328	5:0.20444	6:-0.05417	7:0.11523	8:0.53464	9:0.04833	10:-0.02187	11:1.0	12:0.05914	13:0.04946	14:0.07097	15:0.14946	16:0.12581	17:-0.99938	18:-0.97067	19:-0.88	20:-0.28713	21:-0.59118	22:-1.0	23:-0.8	24:-0.8	25:-1.0	26:-0.63
-1	1:-0.91406	2:0.941	3:-0.02344	4:-0.79883	5:-0.06667	6:0.14444	7:0.51681	8:-0.94531	9:0.34342	10:-0.375	11:-0.99965	12:-0.05606	13:-0.00152	14:-0.03788	15:-0.05	16:-0.06818	17:-0.94826	18:-0.93263	19:-0.72	20:-0.22876	21:-0.76508	22:-0.8	23:-0.8	24:-1.0	25:-1.0	26:-0.9
1	1:-0.70703	2:1.0	3:-0.98633	4:-0.02344	5:-0.76667	6:0.19595	7:-1.0	8:0.67182	9:0.5	10:0.31014	11:1.0	12:0.21822	13:0.13733	14:0.18311	15:0.16578	16:0.19156	17:-0.90907	18:-0.96	19:-0.93676	20:-0.76238	21:-0.0598	22:-1.0	23:-1.0	24:-1.0	25:-1.0	26:-0.97
-1	1:-0.97656	2:-0.9379	3:-0.71875	4:-1.0	5:-0.2	6:-1.0	7:1.0	8:-1.0	9:0.5	10:-1.0	11:-0.9942	12:0.04444	13:-0.07778	14:-0.2	15:-0.2	16:-0.17222	17:-0.93556	18:-0.95333	19:-1.0	20:-0.0264	21:-1.0	22:-0.4	23:-1.0	24:-1.0	25:-1.0	26:-0.81
1	1:-0.96094	2:1.0	3:-1.0	4:-0.3125	5:-1.0	6:0.17333	7:-1.0	8:0.63596	9:-1.0	10:0.13	11:1.0	12:0.14667	13:0.01	14:0.17333	15:-0.00667	17:-0.98889	18:-1.0	19:-0.884	20:-1.0	21:-0.33663	22:-1.0	23:-1.0	24:-1.0	25:-1.0	26:-0.97
-1	1:-0.98047	2:0.8539	3:-0.82422	4:-0.91406	6:-0.26667	7:-0.63997	8:-0.97559	9:0.24167	10:0.1125	11:-0.66696	12:-0.05333	14:-0.10667	16:-0.06667	17:-0.71	18:-0.94667	19:-0.66	20:0.37294	21:-0.6396	22:-1.0	23:-0.6	24:-1.0	25:-1.0	26:-0.81
1	1:-0.9375	2:1.0	3:-1.0	4:-0.02344	5:-1.0	6:0.2125	7:-1.0	8:0.90231	9:-1.0	10:0.16094	11:1.0	12:0.23125	13:0.22708	14:0.2125	15:0.10625	16:0.1875	17:-0.98816	18:-1.0	19:-0.94	20:-1.0	21:-0.11634	22:-0.6	23:-1.0	24:-1.0	25:-1.0	26:-0.61
1	1:-0.91406	2:1.0	3:-1.0	4:-0.02344	5:-1.0	6:0.04394	7:-1.0	8:0.60043	9:-1.0	10:0.275	11:1.0	12:0.06212	13:0.17424	14:0.04394	15:-0.00909	16:0.09394	17:-0.74	18:-1.0	19:-0.90727	20:-1.0	21:0.24932	22:-0.6	23:-1.0	24:-1.0	25:-1.0	26:-0.93
1	1:-0.96094	2:1.0	3:-0.60547	4:-0.71484	5:0.12222	6:0.21667	7:0.72298	8:-0.64925	9:0.1125	10:0.30625	11:-0.4072	12:0.06	13:0.05333	14:0.16	15:0.15	16:-0.00333	17:-0.99	18:-0.96667	19:-0.96	20:0.0132	21:-0.5703	22:-1.0	23:-0.8	24:-1.0	25:-1.0	26:-0.93
1	1:-0.98438	2:1.0	3:-1.0	4:-0.75391	5:-1.0	6:0.05	7:-1.0	8:0.56641	9:-1.0	10:0.1125	11:0.84665	12:0.13333	13:0.06667	14:0.05	15:0.01667	16:-0.03333	17:-0.18	18:-1.0	19:-0.86	20:-1.0	21:0.16832	22:-1.0	23:-1.0	24:-0.8	25:-1.0	26:-0.79
-1	1:-0.98047	2:0.92387	3:-0.84766	4:-0.92773	5:-0.35	6:0.23333	7:1.0	8:-1.0	9:0.30625	10:0.5	11:-0.92209	12:-0.22667	13:-0.26	14:-0.23333	15:-0.19333	16:-0.09333	17:-0.99	18:-0.96	19:-0.96	20:-0.32178	21:-0.85347	22:-0.8	23:-1.0	24:-1.0	25:-1.0	26:-0.91
1	1:-0.97656	2:1.0	3:-0.92773	4:-0.76172	5:-0.38333	6:0.01667	7:-0.56934	8:0.59505	9:-0.1	10:-0.1	11:0.05469	12:-0.10556	13:-0.04444	14:-0.11667	15:-0.17778	16:-0.14444	17:-0.74	18:-0.94	19:-0.93	20:-0.33663	21:-0.43234	22:-1.0	23:-1.0	24:-1.0	25:-1.0	26:-0.96
-1	1:-0.96094	2:0.95199	3:-0.54883	4:-0.89648	5:-0.0375	6:-0.11667	7:1.0	8:-0.96484	9:-0.48125	10:-0.275	11:-0.95911	12:-0.13667	13:-0.08667	14:-0.05333	15:-0.14	16:-0.15667	17:-0.71	18:-0.78	19:-0.44	20:0.05941	21:-0.81782	22:-1.0	23:-1.0	24:-1.0	25:-1.0	26:-0.91
-1	1:-0.98047	2:0.99843	3:-0.76562	4:-0.87891	5:0.33333	6:0.03333	7:-0.90951	8:-0.99902	9:0.5	10:-0.275	11:-0.66696	12:0.16	13:0.25333	14:0.21333	15:0.08	16:0.07333	17:-0.74889	18:-0.98667	19:-0.42	20:-0.11551	21:-0.72673	22:-1.0	23:-1.0	24:-1.0	25:-1.0	26:-0.97
-1	1:-0.96484	2:0.98766	3:-0.53125	4:-0.91016	5:0.14286	6:-0.23333	7:1.0	8:-0.80859	9:0.5	10:-0.275	11:-0.93152	12:0.11852	13:0.02963	14:0.05926	15:0.06296	16:0.04815	17:-0.7275	18:-0.97714	19:-0.58	20:-0.02405	21:-0.79318	22:-1.0	23:-0.8	24:-1.0	25:-1.0	26:-0.83
1	1:-0.78125	2:1.0	3:-0.0293	4:-0.02344	5:-0.24697	6:-0.00588	7:0.67497	8:0.46663	9:0.18295	10:0.18088	11:1.0	12:-0.05774	13:-0.0256	14:-0.1006	15:-0.08036	16:-0.07917	17:-0.99799	18:-0.94545	19:-0.93529	20:-0.0459	21:-0.3819	22:-0.8	23:-1.0	24:-1.0	25:-1.0	26:-0.77
-1	1:-0.98828	2:0.96244	3:-0.94922	4:-0.92773	5:-0.56667	6:0.23333	7:-0.97559	8:-1.0	9:0.5	10:0.5	11:-0.81322	12:-0.17778	13:-0.3	14:-0.3	15:-0.12222	16:-0.27778	17:-0.9	18:-0.92	19:-0.92	20:0.71287	21:-0.40594	22:-1.0	23:-0.8	24:-1.0	25:-1.0	26:-0.95
1	1:-0.94922	2:1.0	3:-0.5	4:-0.57422	5:0.21905	6:0.21111	7:0.66323	8:0.43646	9:0.27857	10:0.24167	11:0.10921	12:0.1359	13:0.17949	14:0.21538	15:0.16667	16:0.19744	17:-0.94196	18:-0.98286	19:-0.92	20:0.40028	21:-0.53998	22:-1.0	23:-0.8	24:-0.4	25:-1.0	26:-0.69
-1	1:-0.98438	2:0.92387	3:-0.86328	4:-0.92383	5:-0.22222	6:0.3	7:1.0	8:-1.0	9:-0.375	10:0.5	11:-0.87617	12:-0.125	13:-0.06667	14:-0.09167	15:-0.125	16:-0.11667	17:-0.96	18:-0.92	19:-0.92	20:-0.30033	21:-0.98515	22:-1.0	23:-1.0	24:-0.4	25:-1.0	26:-0.48
1	1:-0.94531	2:1.0	3:-0.64844	4:-0.60938	6:-0.16667	7:0.94954	8:0.00837	9:0.24167	10:0.20938	11:0.86977	12:-0.17143	13:-0.14048	14:-0.09524	15:-0.09048	16:-0.06429	17:-0.85556	18:-0.96667	19:-0.915	20:0.033	21:-0.49646	22:-1.0	23:-1.0	24:-1.0	25:-1.0	26:-0.91
1	1:-0.91016	2:1.0	3:-0.16406	4:-0.34766	5:0.01905	6:0.23704	7:0.37753	8:1.0	9:0.33393	10:0.15556	11:0.25157	12:0.18696	13:0.11739	14:0.10435	15:0.17826	16:0.11304	17:-0.9994	18:-0.98	19:-0.93333	20:0.16266	21:-0.5635	22:-1.0	23:-0.8	24:-1.0	25:-1.0	26:-0.98
1	1:-0.82031	2:1.0	3:-1.0	4:-0.02344	5:-1.0	6:-0.04493	7:-1.0	8:0.62419	9:-1.0	10:0.16304	11:1.0	12:0.12057	13:0.09362	14:-0.05106	15:-0.03333	16:0.06738	17:-0.98969	18:-1.0	19:-0.94087	20:-1.0	21:-0.21696	22:-1.0	23:-1.0	24:-1.0	25:-1.0	26:-0.91
-1	1:-0.98828	2:0.96244	3:-0.93164	4:-0.92578	5:0.16667	6:-0.36667	7:-1.0	8:0.80566	9:0.5	10:0.5	11:-0.44576	12:-0.14444	13:-0.21111	14:-0.18889	15:-0.24444	16:0.25556	17:-0.99	18:-1.0	19:-0.92	20:0.56436	21:-0.12211	22:-0.8	23:-1.0	24:-1.0	25:-1.0	26:-0.79
1	1:-0.83203	2:1.0	3:-1.0	4:-0.02344	5:-1.0	6:0.15736	7:-1.0	8:0.44265	9:-1.0	10:0.28837	11:1.0	12:0.04419	13:-0.03023	14:0.15736	15:0.18992	16:0.23798	17:-0.98787	18:-1.0	19:-0.92093	20:-1.0	21:0.0997	22:-1.0	23:-0.6	24:-1.0	25:-1.0	26:-0.89
-1	1:-0.98438	2:0.96244	3:-0.93555	4:-0.93164	5:-0.63333	6:0.16667	7:1.0	8:-1.0	9:0.24167	10:0.5	11:-0.87617	12:-0.25833	13:-0.38333	14:-0.43333	15:-0.50833	16:-0.45	17:-0.96	18:-0.84	19:-1.0	20:0.16172	21:-0.50495	22:-0.8	23:-0.4	24:-1.0	25:-1.0	26:-0.58
1	1:-0.78125	2:1.0	3:-1.0	4:-0.02344	5:-1.0	6:0.03333	7:-1.0	8:0.28727	9:-1.0	10:0.18571	11:1.0	12:0.09762	13:0.1256	14:0.03333	15:0.03929	16:0.14107	17:-0.98249	18:-1.0	19:-0.92357	20:-1.0	21:0.09724	22:-0.8	23:-1.0	24:-1.0	25:-1.0	26:-0.93
-1	1:-0.97656	2:0.99687	3:-0.74609	4:-0.87109	5:0.08333	6:0.1	7:-0.8457	8:0.06348	9:-0.3625	10:-0.275	11:-0.75634	12:0.05556	13:-0.11111	14:0.08889	15:0.08333	16:0.13889	17:0.06	18:-0.71	19:-0.6	20:-0.77228	21:-0.78548	22:-1.0	23:-1.0	24:-1.0	25:-1.0	26:-0.55
-1	1:-0.95703	2:0.97558	3:-0.55664	4:-0.87695	5:-0.15926	6:0.05	7:0.14833	8:-0.99902	9:-0.32778	10:-0.425	11:-0.97626	12:-0.16061	13:-0.15152	14:-0.12121	15:-0.20909	16:-0.24848	17:-0.6875	18:-0.80889	19:-0.36	20:-0.0143	21:-0.91899	22:-1.0	23:-0.6	24:-1.0	25:-1.0	26:-0.93
1	1:-0.9375	2:1.0	3:-0.58984	4:-0.31055	6:0.30741	7:1.0	8:0.14507	9:0.27857	10:0.41389	11:1.0	12:0.17708	13:0.13333	14:0.17292	15:0.06667	16:0.12917	17:-0.99556	18:-0.97714	19:-0.94222	20:0.07496	21:-0.57178	22:-1.0	23:-0.8	24:-1.0	25:-1.0	26:-0.79
1	1:-0.89453	2:1.0	3:-1.0	4:-0.02344	5:-1.0	6:0.12716	7:-1.0	8:0.14464	9:-1.0	10:0.32778	11:1.0	12:0.0963	13:0.20617	14:0.12716	15:0.30617	16:0.25309	17:-0.9866	18:-1.0	19:-0.94667	20:-1.0	21:-0.24459	22:-1.0	23:-0.8	24:-1.0	25:-1.0	26:-0.97
-1	1:-0.98047	2:0.99843	3:-0.78125	4:-0.86523	5:0.24444	6:0.15	7:1.0	8:-0.98438	9:-0.01667	10:-0.275	11:-0.66696	12:0.15333	13:0.2	14:0.20667	15:0.1	16:0.24	17:-0.26	18:-0.72	19:-0.62	20:-0.26073	21:-0.89703	22:-1.0	23:-1.0	24:-1.0	25:-1.0	26:-0.4
1	1:-0.82812	2:1.0	3:-0.02344	4:-0.02344	5:0.08889	6:0.02745	7:0.06901	8:0.66052	9:0.23056	10:0.25441	11:1.0	12:0.08409	13:0.03106	14:0.06515	15:0.0447	16:0.01136	17:-0.99803	18:-0.95852	19:-0.93176	20:0.07811	21:-0.59406	22:-1.0	23:-1.0	24:-1.0	25:-1.0	26:-0.95
1	1:-0.9375	2:1.0	3:-0.40625	4:-0.51172	5:0.12593	6:0.19048	7:-0.06668	8:0.66257	9:0.24167	10:0.27857	11:0.1957	12:0.24583	13:0.14792	14:0.15417	15:0.21458	16:0.1625	17:-0.99417	18:-0.97778	19:-0.95429	20:0.44334	21:-0.70297	22:-1.0	23:-1.0	24:-1.0	25:-1.0	26:-0.9
1	1:-0.96875	2:1.0	3:-0.93359	4:-0.56836	5:0.13333	6:0.05238	7:-1.0	8:0.26721	9:0.5	10:0.38929	11:1.0	12:0.19167	13:0.23333	14:0.0625	15:0.00833	16:0.00417	17:-0.8875	18:-0.88	19:-0.93714	20:-0.88119	21:-0.46535	22:-1.0	23:-1.0	24:-1.0	25:-1.0	26:-0.99
1	1:-0.98438	2:1.0	3:-1.0	4:-0.79297	5:-1.0	6:-0.11667	7:-1.0	8:0.16471	9:-1.0	10:0.1125	11:0.84665	12:-0.14167	13:-0.23333	14:-0.11667	15:-0.19167	16:-0.16667	17:-0.98	18:-1.0	19:-0.93	20:-1.0	21:0.27723	22:-1.0	23:-1.0	24:-1.0	25:-1.0	26:-0.87
-1	1:-0.98047	2:0.99921	3:-0.85352	4:-0.875	5:-0.16667	6:0.06667	7:1.0	8:-1.0	9:0.24167	10:0.1125	11:-0.66696	12:-0.07333	13:-0.06667	14:-0.07333	15:-0.13333	16:-0.04	17:-0.74889	18:-0.98667	19:-0.94	20:0.07591	21:-0.5802	22:-1.0	23:-1.0	24:-1.0	25:-1.0	26:-0.97
1	1:-0.87109	2:1.0	3:-0.08008	4:-0.02344	5:-0.07647	6:0.125	7:0.52439	8:0.16094	9:0.22647	10:0.16094	11:1.0	12:0.11616	13:0.0798	14:0.02121	15:0.09495	16:0.07677	17:-0.99612	18:-0.97647	19:-0.92	20:0.00757	21:-0.56796	22:-0.8	23:-0.8	24:-1.0	25:-1.0	26:-0.96
-1	1:-0.85156	2:-1.0	3:-0.02344	4:-0.99609	5:-0.06757	6:-0.93333	7:0.2104	8:-1.0	9:0.13716	10:0.25	11:-1.0	12:-0.21228	13:-0.29649	14:-0.09035	15:-0.07018	16:-0.16316	17:-0.90986	18:-0.9427	19:-0.88	20:-0.28071	21:-0.99635	22:-1.0	23:-1.0	24:-1.0	25:-1.0	26:-0.85
-1	1:-0.98828	2:-0.59665	3:-0.85742	4:-1.0	5:-0.18889	6:-1.0	7:-0.1556	8:-1.0	9:0.14167	10:-1.0	11:-0.96835	12:-0.14444	13:-0.13333	14:-0.18889	15:-0.3	16:-0.36667	17:-0.98889	18:-0.92	19:-1.0	20:-0.57756	21:-1.0	22:-1.0	23:-1.0	24:-1.0	25:-0.8	26:-0.63
1	1:-0.94141	2:1.0	3:-1.0	4:-0.15234	5:-1.0	6:-0.03556	7:-1.0	8:0.55463	9:-1.0	10:0.015	11:1.0	12:-0.04889	13:-0.17333	14:-0.03556	15:0.01333	16:-0.17556	17:-0.97438	18:-1.0	19:-0.89867	20:-1.0	21:-0.08119	22:-1.0	23:-1.0	24:-1.0	25:-1.0	26:-0.87
-1	1:-0.99219	2:-0.59665	3:-0.85352	4:-1.0	5:0.25	6:-1.0	7:-0.98438	8:-1.0	9:0.1125	10:-1.0	11:-0.94618	12:0.26667	13:0.26667	14:0.25	15:-0.01667	16:0.2	17:-0.98889	18:-1.0	19:-1.0	20:0.08911	21:-1.0	22:-0.8	23:-1.0	24:-1.0	25:-1.0	26:-0.96
-1	1:-0.98438	2:0.99963	3:-0.95312	4:-0.89258	5:-0.6	6:-0.08333	7:-0.71777	8:-1.0	9:-0.275	10:-0.15	11:-0.56669	12:-0.31667	13:-0.325	14:-0.34167	15:-0.23333	16:-0.2	17:-0.74889	18:-0.96	19:-0.5	20:-0.73267	21:-0.57426	22:-1.0	23:-0.8	24:-1.0	25:-1.0	26:-0.39
1	1:-0.99219	2:0.99996	3:-1.0	4:-0.83984	5:-1.0	6:0.36667	7:-1.0	8:-0.38965	9:-1.0	10:0.5	11:-0.03593	12:0.25	13:0.36667	14:0.36667	15:0.31667	16:0.26667	17:-0.98889	18:-1.0	19:-0.96	20:-1.0	21:-0.49505	22:-1.0	23:-1.0	24:-1.0	25:-1.0	26:-0.98
-1	1:-0.98828	2:0.92387	3:-0.94531	4:-0.93359	5:-0.53333	6:0.13333	7:-0.90234	8:-1.0	9:0.1125	10:-0.275	11:-0.81322	12:0.07778	13:0.12222	14:-0.31111	15:-0.07778	16:-0.35556	17:-0.99	18:-0.82	19:-0.4	20:-0.78218	21:-0.94719	22:-0.8	23:-1.0	24:-1.0	25:-1.0	26:-0.79
1	1:-0.96094	2:1.0	3:-1.0	4:-0.37305	5:-1.0	6:0.07	7:-1.0	8:0.03134	9:-1.0	10:0.1125	11:1.0	12:0.12667	13:0.12333	14:0.07	15:0.15667	16:0.23	17:-0.98816	18:-1.0	19:-0.928	20:-1.0	21:-0.51683	22:-0.6	23:-1.0	24:-1.0	25:-1.0	26:-0.9
1	1:-0.88281	2:1.0	3:-0.08203	4:-0.02344	5:0.11905	6:0.06042	7:0.54783	8:0.51497	9:0.33393	10:0.20938	11:1.0	12:0.22889	13:0.18667	14:0.08778	15:0.16333	16:0.15778	17:-0.99529	18:-0.98286	19:-0.92	20:-0.29137	21:-0.65083	22:-1.0	23:-0.6	24:-1.0	25:-1.0	26:-0.95
1	1:-0.98828	2:0.99996	3:-1.0	4:-0.83984	5:-1.0	6:-0.08889	7:-1.0	8:0.4082	9:-1.0	10:0.5	11:0.39994	12:-0.02222	13:-0.04444	14:-0.08889	15:-0.2	16:-0.08889	17:-0.98889	18:-1.0	19:-0.94667	20:-1.0	21:-0.44554	22:-0.6	23:-0.8	24:-1.0	25:-1.0	26:-0.97
-1	1:-0.98047	2:0.99999	3:-0.94336	4:-0.87891	5:-0.51667	6:-0.31111	7:-0.17871	8:-0.58138	9:0.1125	10:-0.275	11:-0.26373	12:-0.01333	13:-0.58	14:-0.39333	15:0.16	16:0.25333	17:-0.5	18:-0.84	19:-0.66667	20:0.15842	21:-0.08911	22:-1.0	23:-0.8	24:-1.0	25:-1.0	26:-0.89
-1	1:-0.98828	2:0.92387	3:-0.8457	4:-0.93164	5:0.31667	6:0.16667	7:-0.96484	8:-1.0	9:0.5	10:0.5	11:-0.81322	12:0.2	13:0.23333	14:0.26667	15:0.18889	16:0.1	17:-0.9	18:-0.96	19:-0.88	20:0.68317	21:-0.35974	22:-1.0	23:-1.0	24:-1.0	25:-1.0	26:-0.93
-1	1:-0.99219	2:-0.59665	3:-0.85156	4:-1.0	5:0.26667	6:-1.0	7:1.0	8:-1.0	9:0.5	10:-1.0	11:-0.94618	12:-0.05	13:0.06667	14:0.26667	15:0.21667	16:0.18333	17:-0.98	18:-0.98	19:-1.0	20:-0.33663	21:-1.0	22:-1.0	23:-0.8	24:-1.0	25:-1.0	26:-0.89
-1	1:-0.98828	2:0.99963	3:-0.92773	4:-0.85547	5:0.23333	6:0.23333	7:-1.0	8:-0.88184	9:-0.275	10:-0.275	11:-0.44576	12:0.25556	13:0.07778	14:0.23333	15:0.12222	16:0.2	17:-0.9	18:-0.88	19:-0.86	20:0.78218	21:0.14191	22:-1.0	23:-1.0	24:-0.2	25:-0.2	26:-0.48
1	1:-0.85547	2:1.0	3:-0.02344	4:-0.02344	5:0.175	6:0.12353	7:0.92714	8:0.66737	9:0.2675	10:0.08382	11:1.0	12:0.21532	13:0.20991	14:0.15135	15:0.00721	16:0.1018	17:-0.98918	18:-0.954	19:-0.92706	20:-0.11287	21:-0.63821	22:-1.0	23:-1.0	24:-1.0	25:-0.8	26:-0.89
1	1:-0.98047	2:1.0	3:-0.93359	4:-0.81836	5:0.13333	6:-0.225	7:-1.0	8:1.0	9:-0.275	10:0.30625	11:0.22404	12:0.04	13:-0.04667	14:-0.15333	16:-0.12667	17:-0.82	18:-0.88	19:-0.84	20:0.58416	21:-0.12475	22:-0.4	23:-1.0	24:-1.0	25:-1.0	26:-0.87
1	1:-0.86719	2:1.0	3:-0.02344	4:-0.02344	5:0.10877	6:0.20667	7:-0.14322	8:0.06384	9:-0.01974	10:-0.06833	11:1.0	12:0.18431	13:0.2902	14:0.15196	15:0.16078	16:0.28137	17:-0.99572	18:-0.95789	19:-0.90133	20:-0.432	21:-0.60163	22:-1.0	23:-1.0	24:-1.0	25:-1.0	26:-0.85
1	1:-0.94141	2:1.0	3:-0.6582	4:-0.55078	5:0.16667	6:-0.23333	7:0.70254	8:0.46259	9:0.035	10:-0.2675	11:1.0	12:-0.14444	13:-0.07111	14:-0.1	15:-0.06444	16:-0.05778	17:-0.96316	18:-0.928	19:-0.86	20:-0.03366	21:-0.40858	22:-1.0	23:-1.0	24:-0.8	25:-1.0	26:-0.79
-1	1:-0.98828	2:-0.77479	3:-0.77734	4:-1.0	5:0.26667	6:-1.0	7:-0.29232	8:-1.0	9:-0.01667	10:-1.0	11:-0.96835	12:0.12222	13:0.22222	14:0.26667	15:0.26667	16:0.1	17:-0.98889	18:-0.98667	19:-1.0	20:0.15512	21:-1.0	22:-1.0	23:-0.8	24:-1.0	25:-1.0	26:-0.65
1	1:-0.83594	2:1.0	3:-1.0	4:-0.02344	5:-1.0	6:0.01508	7:-1.0	8:0.64328	9:-1.0	10:0.16429	11:1.0	12:-0.00635	13:-0.07063	14:0.01508	15:-0.09286	16:-0.1127	17:-0.97583	18:-1.0	19:-0.92	20:-1.0	21:0.14144	22:-0.8	23:-1.0	24:-1.0	25:-1.0	26:-0.97
1	1:-0.85547	2:1.0	3:-0.02344	4:-0.02344	5:0.00926	6:0.00351	7:0.32739	8:0.4	9:0.37083	10:0.21447	11:1.0	12:-0.02883	13:0.01622	14:0.00631	15:0.07748	16:0.11441	17:-0.9575	18:-0.94667	19:-0.94316	20:0.30143	21:-0.43431	22:-1.0	23:-1.0	24:-1.0	25:-1.0	26:-0.74
1	1:-0.95312	2:1.0	3:-0.54297	4:-0.58008	5:0.3	6:0.19444	7:-0.31667	8:-0.10807	9:0.0625	10:-0.14583	11:0.22642	12:0.275	13:0.14167	14:0.24722	15:0.05278	16:0.14444	17:-0.69556	18:-0.9	19:-0.87333	20:0.22112	21:-0.34323	22:-0.4	23:-0.6	24:-1.0	25:-1.0	26:-0.89
1	1:-0.95312	2:1.0	3:-1.0	4:-0.04688	5:-1.0	6:0.35556	7:-1.0	8:-0.05204	9:-1.0	10:0.30625	11:1.0	12:0.35833	13:0.18611	14:0.35556	15:0.25	16:0.26667	17:-0.98988	18:-1.0	19:-0.91667	20:-1.0	21:0.38779	22:-1.0	23:-1.0	24:-0.8	25:-1.0	26:-0.75
1	1:-0.87109	2:1.0	3:-1.0	4:-0.02344	5:-1.0	6:-0.01818	7:-1.0	8:0.08417	9:-1.0	10:-0.05455	11:1.0	12:-0.08081	13:-0.03838	14:-0.01818	15:-0.06061	16:0.05859	17:-0.97109	18:-1.0	19:-0.92727	20:-1.0	21:-0.05551	22:-1.0	23:-1.0	24:-1.0	25:-1.0	26:-0.9
1	1:-0.98828	2:1.0	3:-1.0	4:-0.79492	5:-1.0	6:0.16667	7:-1.0	8:1.0	9:-1.0	10:0.5	11:0.39994	13:0.26667	14:0.16667	15:0.33333	16:0.31111	17:-0.98889	18:-1.0	19:-0.94667	20:-1.0	21:-0.41914	22:-1.0	23:-0.8	24:-1.0	25:-1.0	26:-0.47
-1	1:-0.99219	2:0.99331	3:-0.99609	4:-0.93164	5:-0.93333	6:0.16667	7:-1.0	8:-1.0	9:0.5	10:-0.275	11:-0.72843	12:0.11667	13:-0.45	14:-0.38333	15:-0.35	16:-0.43333	17:-0.82	18:-0.88	19:-0.44	20:0.48515	21:-0.10891	22:-1.0	23:-0.8	24:-1.0	25:-1.0	26:-0.75
1	1:-0.28516	2:1.0	3:-0.02344	4:-0.02344	5:0.20208	6:0.19617	7:0.67302	8:0.69344	9:0.30625	10:0.21063	11:1.0	12:0.18925	13:0.16958	14:0.19927	15:0.13333	16:0.23825	17:-0.9951	18:-0.97917	19:-0.94713	20:-0.02743	21:-0.55343	22:-1.0	23:-1.0	24:-1.0	25:-1.0	26:-0.8
1	1:-0.9375	2:0.99996	3:-0.19922	4:-0.67773	5:0.13889	6:0.375	7:0.56337	8:-0.08805	9:0.30625	10:0.5	11:-0.91361	12:0.19375	13:0.05625	14:0.19792	15:0.21875	16:0.00625	17:-0.96862	18:-0.97333	19:-0.95	20:-0.22607	21:-0.72649	22:-1.0	23:-1.0	24:-1.0	25:-1.0	26:-0.98
1	1:-0.48438	2:1.0	3:-0.02344	4:-0.02344	5:0.26567	6:-0.01231	7:0.49356	8:1.0	9:0.44216	10:0.30923	11:1.0	12:0.06136	13:0.18005	14:0.12879	15:0.11187	16:0.0596	17:-0.9948	18:-0.97373	19:-0.93538	20:0.02675	21:-0.48215	22:-1.0	23:-0.8	24:-1.0	25:-1.0	26:-0.97
-1	1:-0.96484	2:0.97558	3:-0.60156	4:-0.86523	5:-0.02857	6:0.15	7:0.2633	8:-0.56934	9:-0.22143	10:-0.425	11:-0.93152	12:-0.04444	13:0.0963	14:0.01111	15:-0.06667	16:0.08148	17:-0.9	18:-0.86286	19:-0.86	20:0.40311	21:-0.65897	22:-1.0	23:-1.0	24:-1.0	25:-1.0	26:-0.9
-1	1:-0.98828	2:0.96244	3:-0.94922	4:-0.93164	5:-0.13333	6:-0.41667	7:-1.0	8:-0.75	9:-0.275	10:-0.1875	11:-0.44576	12:-0.26667	13:-0.18889	14:-0.32222	15:-0.21111	16:-0.22222	17:-0.66	18:-0.88	19:-0.88	20:0.24752	21:0.05611	22:-1.0	23:-1.0	24:-1.0	25:-1.0	26:-0.75
1	1:-0.97266	2:1.0	3:-1.0	4:-0.53125	5:-1.0	6:0.14286	7:-1.0	8:0.24284	9:-1.0	10:-0.05357	11:1.0	12:0.19048	13:0.11429	14:0.14286	15:0.24286	16:0.30476	17:-0.98816	18:-1.0	19:-0.93143	20:-1.0	21:0.40594	22:-1.0	23:-0.6	24:-0.8	25:-1.0	26:-0.85
1	1:-0.99219	2:0.99996	3:-1.0	4:-0.89062	5:-1.0	6:-0.06667	7:-1.0	8:1.0	9:-1.0	10:0.1125	11:-0.03593	12:-0.01667	13:0.13333	14:-0.06667	15:-0.03333	16:0.01667	17:-0.74	18:-1.0	19:-0.9	20:-1.0	21:0.08911	22:-0.8	23:-1.0	24:-1.0	25:-1.0	26:-0.52
1	1:-0.89844	2:1.0	3:-0.4707	4:-0.02344	5:0.0037	6:0.06667	7:0.29416	8:0.93576	9:0.24167	10:0.31765	11:1.0	12:0.15513	13:0.2	14:0.04487	15:0.19615	16:0.08205	17:-0.99762	18:-0.97333	19:-0.94588	20:-0.26513	21:-0.49353	22:-1.0	23:-1.0	24:-1.0	25:-1.0	26:-0.75
-1	1:-0.9375	2:0.8225	3:-0.34766	4:-0.87109	5:-0.20476	6:0.1	7:0.29693	8:0.5625	9:-0.10893	10:0.1125	11:-0.99867	12:-0.10833	13:-0.13333	14:-0.16667	15:-0.12917	16:-0.08333	17:-0.74	18:-0.96857	19:-0.92	20:-0.25177	21:-0.92822	22:-0.8	23:-0.8	24:-1.0	25:-1.0	26:-0.47
1	1:-0.90234	2:1.0	3:-0.10547	4:-0.25391	5:0.09048	6:0.15758	7:0.51267	8:0.36151	9:0.27857	10:0.28864	11:0.89498	12:0.14933	13:0.14533	14:0.12	15:0.044	16:0.132	17:-0.9702	18:-0.93143	19:-0.91636	20:-0.04526	21:-0.71327	22:-0.8	23:-1.0	24:-1.0	25:-1.0	26:-0.81
1	1:-0.80078	2:1.0	3:-1.0	4:-0.02344	5:-1.0	6:0.11765	7:-1.0	8:0.75637	9:-1.0	10:0.1848	11:1.0	12:-0.00458	13:0.14118	14:0.11765	15:0.07451	16:0.12876	17:-0.98997	18:-1.0	19:-0.90275	20:-1.0	21:-0.18851	22:-1.0	23:-1.0	24:-1.0	25:-1.0	26:-0.98
-1	1:-0.99219	2:-0.59665	3:-0.88086	4:-1.0	5:0.01667	6:-1.0	7:1.0	8:-1.0	9:0.5	10:-1.0	11:-0.94618	12:0.33333	13:0.06667	14:0.01667	15:0.1	16:-0.06667	17:-0.98	18:-0.98	19:-1.0	20:-0.21782	21:-1.0	22:-0.8	23:-1.0	24:-1.0	25:-1.0	26:-0.93
1	1:-0.95703	2:1.0	3:-0.61523	4:-0.68945	5:0.09444	6:0.06	7:1.0	8:0.3041	9:0.5	10:0.345	11:-0.09374	12:0.23636	13:0.30909	14:0.07879	15:0.10303	16:0.24242	17:-0.9992	18:-0.96667	19:-0.96	20:-0.0363	21:-0.62376	22:-1.0	23:-1.0	24:-1.0	25:-1.0	26:-0.95
1	1:-0.89844	2:1.0	3:-0.17578	4:-0.14453	5:0.27879	6:-0.02667	7:0.33452	8:-0.12277	9:0.35909	10:0.35833	11:1.0	12:0.04359	13:0.20256	14:0.10256	15:0.07821	16:0.17308	17:-0.94555	18:-0.94545	19:-0.93067	20:0.09811	21:-0.32597	22:-1.0	23:-1.0	24:-0.8	25:-1.0	26:-0.85
-1	1:-0.98047	2:0.99921	3:-0.86523	4:-0.88867	5:-0.23333	6:-0.05	7:1.0	8:-0.96484	9:-0.275	10:-0.425	11:-0.66696	12:-0.14	13:-0.11333	14:-0.16	15:-0.44667	16:-0.32667	17:-0.5	18:-0.89333	19:-0.72	20:0.08251	21:-0.95248	22:-1.0	23:-1.0	24:-1.0	25:-1.0	26:-0.24
1	1:-0.78125	2:1.0	3:-0.02344	4:-0.02344	5:0.16667	6:0.03656	7:0.54923	8:0.51088	9:0.271	10:0.3	11:1.0	12:0.17798	13:0.13929	14:0.09464	15:0.07857	16:0.12976	17:-0.9989	18:-0.976	19:-0.94968	20:-0.20871	21:-0.49965	22:-1.0	23:-1.0	24:-0.8	25:-1.0	26:-0.87
1	1:-0.79688	2:1.0	3:-0.02344	4:-0.02344	5:-0.02451	6:0.09259	7:0.54593	8:-0.06099	9:0.27206	10:0.32778	11:0.79705	12:0.20833	13:0.16154	14:0.01603	15:0.00897	16:0.15641	17:-0.99578	18:-0.97647	19:-0.94444	20:0.11357	21:-0.63823	22:-0.6	23:-1.0	24:-1.0	25:-1.0	26:-0.98
1	1:-0.98828	2:1.0	3:-1.0	4:-0.77539	5:-1.0	6:0.27778	7:-1.0	8:-0.0599	9:-1.0	10:0.5	11:0.39994	12:0.11111	13:0.14444	14:0.27778	15:0.23333	16:0.33333	17:-0.95	18:-1.0	19:-0.94667	20:-1.0	21:-0.66997	22:-1.0	23:-1.0	24:-1.0	25:-1.0	26:-0.95
-1	1:-0.97656	2:0.99843	3:-0.88281	4:-0.89844	5:-0.33333	6:-0.42222	7:-0.69466	8:1.0	9:-0.275	10:-0.01667	11:-0.37788	12:0.07778	13:-0.07222	14:-0.37778	15:-0.1	16:0.10556	17:-0.47	18:-0.86667	19:-0.70667	20:0.63036	21:-0.44554	22:-0.4	23:-1.0	24:-1.0	25:-1.0	26:-0.43
1	1:-0.98828	2:1.0	3:-1.0	4:-0.76953	5:-1.0	6:0.31111	7:-1.0	8:0.58789	9:-1.0	10:0.24167	11:0.39994	12:0.27778	13:0.23333	14:0.31111	15:0.2	16:0.22222	17:-0.9875	18:-1.0	19:-0.96	20:-1.0	21:-0.28713	22:-1.0	23:-0.4	24:-0.8	25:-1.0	26:-0.87
-1	1:-0.96484	2:0.99378	3:-0.59766	4:-0.86328	5:0.14444	6:-0.22222	7:-0.12995	8:-0.60482	9:-0.01667	10:-0.275	11:-0.69155	12:-0.02593	13:0.05185	14:0.02222	15:-0.00741	16:-0.18519	17:-0.71	18:-0.81333	19:-0.49333	20:0.26073	21:-0.66777	22:-0.4	23:-1.0	24:-1.0	25:-1.0	26:-0.63
1	1:-0.75781	2:1.0	3:-0.02344	4:-0.02344	5:-0.00095	6:-0.03333	7:0.74315	8:0.54632	9:0.24	10:0.07685	11:1.0	12:0.07419	13:0.02366	14:-0.01505	15:0.05806	16:-0.0586	17:-0.99903	18:-0.97371	19:-0.9363	20:-0.04781	21:-0.55062	22:-1.0	23:-1.0	24:-1.0	25:-1.0	26:-0.83
1	1:-0.97266	2:1.0	3:-0.875	4:-0.69922	5:0.06667	6:0.02667	7:0.48535	8:-0.18887	9:-0.325	10:0.035	11:0.37695	12:0.19048	13:0.19048	14:0.0381	15:0.00476	16:0.08571	17:-0.96222	18:-0.94	19:-0.904	20:0.37624	21:-0.14286	22:-0.8	23:-1.0	24:-1.0	25:-1.0	26:-0.81
-1	1:-0.94141	2:0.99613	3:-0.21289	4:-0.80664	5:0.11944	6:0.1	7:0.93253	8:-0.92969	9:0.17708	10:-0.275	11:-0.97948	12:0.09556	13:0.03333	14:0.11556	15:0.04444	16:0.05111	17:-0.99849	18:-0.96667	19:-0.85333	20:-0.08911	21:-0.67129	22:-1.0	23:-0.8	24:-1.0	25:-1.0	26:-0.87
1	1:-0.94922	2:1.0	3:-1.0	4:-0.22266	5:-1.0	6:0.02051	7:-1.0	8:1.0	9:-1.0	10:0.32115	11:1.0	12:0.11538	13:0.12564	14:0.02051	15:-0.01026	16:0.0359	17:-0.7875	18:-1.0	19:-0.91077	20:-1.0	21:0.32369	22:-1.0	23:-1.0	24:-1.0	25:-1.0	26:-0.97
1	1:-0.71875	2:1.0	3:-1.0	4:-0.02344	5:-1.0	6:0.06343	7:-1.0	8:0.47898	9:-1.0	10:0.26319	11:1.0	12:0.13657	13:0.14259	14:0.06343	15:0.175	16:0.15694	17:-0.98953	18:-1.0	19:-0.93167	20:-1.0	21:0.05886	22:-0.6	23:-0.8	24:-1.0	25:-1.0	26:-0.82
1	1:-0.96094	2:1.0	3:-0.80469	4:-0.5293	5:0.11111	6:0.14762	7:-0.27148	8:1.0	9:0.24167	10:-0.05357	11:0.90075	12:0.11333	13:0.21667	14:0.13667	15:0.16667	16:0.13333	17:-0.95816	18:-0.94667	19:-0.95429	20:-0.18812	21:-0.47921	22:-1.0	23:-1.0	24:-1.0	25:-1.0	26:-0.96
1	1:-0.97266	2:0.99997	3:-0.71289	4:-0.78125	5:0.225	6:0.24444	7:0.5096	8:1.0	9:0.5	10:-0.01667	11:-0.48844	12:0.16667	13:0.07143	14:0.23333	15:0.11905	16:0.0381	17:-0.95	18:-0.98	19:-0.90667	20:-0.13366	21:-0.4116	22:-1.0	23:-1.0	24:-1.0	25:-1.0	26:-0.99
-1	1:-0.98828	2:0.96244	3:-0.91797	4:-0.9375	5:-0.3	6:0.06667	7:0.33691	8:-1.0	9:0.1125	10:0.5	11:-0.81322	12:-0.2	13:-0.25556	14:-0.17778	15:-0.35556	16:-0.23333	17:-0.66	18:-0.84	19:-0.88	20:-0.19802	21:-0.51155	22:-1.0	23:-1.0	24:-1.0	25:-1.0	26:-0.74
